anzahl;vorname;geschlecht;position
207;Marie;w;2
148;Sophie;w;2
120;Emilia;w;1
107;Maria;w;2
105;Noah;m;1
86;Emma;w;1
82;Felix;m;1
81;Anton;m;1
80;Charlotte;w;1
80;Jakob;m;1
80;Leon;m;1
79;Mila;w;1
79;Paul;m;1
78;Marie;w;1
78;Mia;w;1
75;Lina;w;1
73;Alexander;m;2
70;Emil;m;1
69;Ella;w;1
68;Jonas;m;1
65;Maximilian;m;2
64;Theo;m;1
63;Ben;m;1
63;Milan;m;1
62;Anna;w;1
61;Leonie;w;1
61;Elias;m;1
61;Moritz;m;1
60;Liam;m;1
58;Maximilian;m;1
56;Luisa;w;1
55;Clara;w;1
54;Hannah;w;1
53;Jonathan;m;1
53;Leo;m;1
52;Lara;w;1
52;Paula;w;1
51;Paul;m;2
51;Lea;w;1
50;Lena;w;1
50;Max;m;1
49;Ida;w;1
48;Katharina;w;2
48;Emily;w;1
47;Lukas;m;1
46;Elias;m;2
46;Sophia;w;1
45;Sophie;w;1
44;Levi;m;1
44;Leni;w;1
44;Lia;w;1
43;Luca;m;1
42;Samuel;m;1
42;Johanna;w;1
41;Johann;m;2
41;Johanna;w;2
41;David;m;1
41;Oskar;m;1
40;Tom;m;1
40;Mira;w;1
39;Julian;m;1
39;Sara;w;1
39;Mats;m;1
39;Toni;m;1
38;Mina;w;1
38;Sofia;w;1
38;Henry;m;1
37;Elisabeth;w;2
37;Finn;m;1
37;Louis;m;1
36;Luise;w;2
35;Elisa;w;1
35;Marlene;w;1
35;Henri;m;1
34;Nora;w;1
34;Aaron;m;1
34;Adam;m;1
34;Jan;m;1
34;Leonard;m;1
33;Antonia;w;1
33;Ava;w;1
33;Liya;w;1
33;Emilio;m;1
32;Tilda;w;1
32;Carlo;m;1
32;Jonah;m;1
32;Linus;m;1
32;Matteo;m;1
31;Emil;m;2
31;Paulina;w;1
31;Thea;w;1
31;Luis;m;1
30;Anton;m;2
30;Maya;w;1
30;Nele;w;1
30;Alexander;m;1
30;Benjamin;m;1
30;Niklas;m;1
30;Tim;m;1
29;Sophia;w;2
29;Bruno;m;1
29;Julius;m;1
28;Emilia;w;2
28;Amelie;w;1
28;Juna;w;1
28;Lotta;w;1
28;Gabriel;m;1
28;Mika;m;1
28;Milo;m;1
27;Hanna;w;1
27;Karl;m;1
27;Malik;m;1
26;Anna;w;2
26;Elisa;w;2
26;Eva;w;1
26;Frida;w;1
26;Louisa;w;1
26;Mateo;m;1
26;Vincent;m;1
25;Jakob;m;2
25;Michael;m;2
25;Charlotte;w;2
25;Frieda;w;1
25;Klara;w;1
25;Luna;w;1
25;Daniel;m;1
25;Leonardo;m;1
25;Lian;m;1
25;Miran;m;1
24;Gabriel;m;2
24;Carlotta;w;1
24;Julia;w;1
24;Lilly;w;1
24;Johann;m;1
24;Simon;m;1
23;Johannes;m;2
23;Levi;m;2
23;Peter;m;2
23;Carla;w;1
23;Maja;w;1
23;Romy;w;1
23;Ali;m;1
23;Carl;m;1
23;Jannis;m;1
22;Karl;m;2
22;Valentin;m;2
22;Ela;w;1
22;Elena;w;1
22;Maria;w;1
22;Zeynep;w;1
22;Matti;m;1
22;Theodor;m;1
21;Luisa;w;2
21;Marlene;w;2
21;Benjamin;m;2
21;Henri;m;2
21;Josef;m;2
21;Amalia;w;1
21;Mara;w;1
21;Emir;m;1
21;Erik;m;1
21;Fritz;m;1
21;Luke;m;1
21;Marlon;m;1
20;Can;m;2
20;Laura;w;1
20;Liana;w;1
20;Mathilda;w;1
20;Melina;w;1
20;Lio;m;1
20;Till;m;1
19;Victoria;w;2
19;Louis;m;2
19;Elif;w;1
19;Lisa;w;1
19;Luana;w;1
19;Matilda;w;1
19;Olivia;w;1
19;Pauline;w;1
19;Jona;m;1
19;Ole;m;1
18;Rosa;w;2
18;Felix;m;2
18;Jonathan;m;2
18;Amira;w;1
18;Ayla;w;1
18;Elina;w;1
18;Isabella;w;1
18;Kilian;m;1
18;Leyla;w;1
18;Lasse;m;1
18;Linda;w;1
18;Merle;w;1
18;Zoe;w;1
17;Ali;m;2
17;Noah;m;2
17;Frederik;m;1
17;Hannes;m;1
17;Jasper;m;1
17;Alma;w;1
17;Joshua;m;1
17;Malia;w;1
17;Levin;m;1
17;Nils;m;1
17;Philipp;m;1
17;Piet;m;1
17;Timo;m;1
17;Yusuf;m;1
16;Louise;w;2
16;Nur;w;2
16;Friedrich;m;2
16;Liam;m;2
16;Theodor;m;2
16;Edda;w;1
16;Helena;w;1
16;Jana;w;1
16;Katharina;w;1
16;Adrian;m;1
16;Bela;m;1
16;Justus;m;1
16;Maxim;m;1
16;Raphael;m;1
16;Valentin;m;1
15;Maria;w;3
15;Malou;w;2
15;Mathilda;w;2
15;Carl;m;2
15;David;m;2
15;Leo;m;2
15;Luca;m;2
15;Samuel;m;2
15;Aurelia;w;1
15;Fiona;w;1
15;Karla;w;1
15;Alessio;m;1
15;Ayaz;m;1
15;Constantin;m;1
15;Johannes;m;1
15;Kian;m;1
15;Younes;m;1
14;Josephine;w;2
14;Matteo;m;2
14;Philipp;m;2
14;Wilhelm;m;2
14;Giulia;w;1
14;Jasmin;w;1
14;Lilli;w;1
14;Martha;w;1
14;Pia;w;1
14;Arian;m;1
14;Fabian;m;1
14;Hamza;m;1
14;Marlo;m;1
14;Mehmet;m;1
13;Antonia;w;2
13;Christine;w;2
13;Josefine;w;2
13;Pauline;w;2
13;Ferdinand;m;2
13;Fritz;m;2
13;Julius;m;2
13;Leonard;m;2
13;Martin;m;2
13;Oskar;m;2
13;Vincent;m;2
13;Alina;w;1
13;Alva;w;1
13;Amelia;w;1
13;Chiara;w;1
13;Liv;w;1
13;Malina;w;1
13;Ronja;w;1
13;Victoria;w;1
13;Luka;m;1
13;Malte;m;1
13;Pepe;m;1
13;Robin;m;1
12;Helene;w;2
12;Lou;w;2
12;Louisa;w;2
12;Margarete;w;2
12;Sofie;w;2
12;Su;w;2
12;Valentina;w;2
12;Emilio;m;2
12;Henry;m;2
12;Adriana;w;1
12;Alisa;w;1
12;Aliya;w;1
12;Anni;w;1
12;Elin;w;1
12;Luise;w;1
12;Melek;w;1
12;Amir;m;1
12;Nisa;w;1
12;Aras;m;1
12;Stella;w;1
12;Elia;m;1
12;Yuna;w;1
12;Emilian;m;1
12;Enno;m;1
12;Florian;m;1
12;Hugo;m;1
12;Ilyas;m;1
12;Lennard;m;1
12;Lucas;m;1
12;Mio;m;1
12;Muhammed;m;1
12;Nico;m;1
12;Oliver;m;1
12;Rafael;m;1
12;Ömer;m;1
11;Lotta;w;2
11;Rose;w;2
11;Sofia;w;2
11;Frederik;m;2
11;Malik;m;2
11;Theo;m;2
11;Alessia;w;1
11;Aurora;w;1
11;Emmi;w;1
11;Malou;w;1
11;Melody;w;1
11;Meryem;w;1
11;Milla;w;1
11;Valentina;w;1
11;Viktoria;w;1
11;Eren;m;1
11;Ferdinand;m;1
11;Fiete;m;1
11;Jacob;m;1
11;Janosch;m;1
11;Johan;m;1
11;Jonte;m;1
11;Keno;m;1
11;Konstantin;m;1
11;Lennart;m;1
11;Lion;m;1
11;Mikail;m;1
11;Nael;m;1
11;Phil;m;1
10;Elise;w;2
10;Ella;w;2
10;Helena;w;2
10;Bo;m;2
10;Ludwig;m;2
10;Luis;m;2
10;Max;m;2
10;Noel;m;2
10;Ole;m;2
10;Severin;m;2
10;Aaliyah;w;1
10;Anastasia;w;1
10;Asya;w;1
10;Cleo;w;1
10;Elisabeth;w;1
10;Finja;w;1
10;Flora;w;1
10;Josephine;w;1
10;Jule;w;1
10;Miray;w;1
10;Nina;w;1
10;Theresa;w;1
10;Toni;w;1
10;Antonio;m;1
10;Arthur;m;1
10;Franz;m;1
10;Karlo;m;1
10;Lenn;m;1
10;Lenny;m;1
10;Lias;m;1
10;Matthias;m;1
10;Mattis;m;1
10;Mert;m;1
10;Nick;m;1
10;Oscar;m;1
10;Sebastian;m;1
10;Youssef;m;1
9;Alexander;m;3
9;Elisabeth;w;3
9;Leni;w;2
9;Lina;w;2
9;Liya;w;2
9;Mia;w;2
9;Christian;m;2
9;Efe;m;2
9;Jan;m;2
9;Konstantin;m;2
9;Leander;m;2
9;Leon;m;2
9;Mateo;m;2
9;Alya;w;1
9;Diana;w;1
9;Greta;w;1
9;Hailey;w;1
9;Hana;w;1
9;Isabel;w;1
9;Lene;w;1
9;Lotte;w;1
9;Lucie;w;1
9;Marta;w;1
9;Milena;w;1
9;Mona;w;1
9;Nika;w;1
9;Samira;w;1
9;Sarah;w;1
9;Aron;m;1
9;Bilal;m;1
9;Caspar;m;1
9;Charlie;m;1
9;Damian;m;1
9;Joel;m;1
9;Kaan;m;1
9;Leano;m;1
9;Lennox;m;1
9;Mohammed;m;1
9;Neo;m;1
9;Noel;m;1
9;Rayan;m;1
9;Sam;m;1
9;Thilo;m;1
9;Yasin;m;1
8;Marie;w;3
8;Carlotta;w;2
8;Ida;w;2
8;Isabelle;w;2
8;Lea;w;2
8;Lisa;w;2
8;Magdalena;w;2
8;Marlen;w;2
8;Matilda;w;2
8;Jacob;m;2
8;Jonas;m;2
8;Lukas;m;2
8;Maxim;m;2
8;Moritz;m;2
8;Pepe;m;2
8;Richard;m;2
8;Robert;m;2
8;Sebastian;m;2
8;Amina;w;1
8;Elli;w;1
8;Esma;w;1
8;Hira;w;1
8;Isabell;w;1
8;Josefine;w;1
8;Liah;w;1
8;Lorena;w;1
8;Rosalie;w;1
8;Selina;w;1
8;Valerie;w;1
8;Abdullah;m;1
8;Adriano;m;1
8;Diego;m;1
8;Elian;m;1
8;Elyas;m;1
8;Emin;m;1
8;Fynn;m;1
8;John;m;1
8;Joscha;m;1
8;Kiyan;m;1
8;Luan;m;1
8;Martin;m;1
8;Michael;m;1
8;Nicolas;m;1
8;Titus;m;1
7;Charlotte;w;3
7;Alexandra;w;2
7;Amalia;w;2
7;Dorothea;w;2
7;Elif;w;2
7;Isabella;w;2
7;Marleen;w;2
7;Mathilde;w;2
7;Nisa;w;2
7;Noemi;w;2
7;Paulina;w;2
7;Ruth;w;2
7;Viktoria;w;2
7;Aaron;m;2
7;Alessandro;m;2
7;Benedikt;m;2
7;Christoph;m;2
7;Constantin;m;2
7;Daniel;m;2
7;Georg;m;2
7;Hamza;m;2
7;Heinrich;m;2
7;Hugo;m;2
7;James;m;2
7;Johan;m;2
7;Julian;m;2
7;Lasse;m;2
7;Manuel;m;2
7;Michel;m;2
7;Milo;m;2
7;Simon;m;2
7;Ada;w;1
7;Adelina;w;1
7;Amara;w;1
7;Ariana;w;1
7;Aylin;w;1
7;Eleni;w;1
7;Ellie;w;1
7;Eslem;w;1
7;Ina;w;1
7;Kaia;w;1
7;Liliana;w;1
7;Linn;w;1
7;Mariella;w;1
7;Marla;w;1
7;Maryam;w;1
7;Mayla;w;1
7;Melissa;w;1
7;Philippa;w;1
7;Tessa;w;1
7;Valeria;w;1
7;Yasmin;w;1
7;Alex;m;1
7;Amin;m;1
7;Eric;m;1
7;Eymen;m;1
7;Fabio;m;1
7;Friedrich;m;1
7;Henrik;m;1
7;Jano;m;1
7;Jaro;m;1
7;Joris;m;1
7;Lars;m;1
7;Manuel;m;1
7;Mark;m;1
7;Mohamed;m;1
7;Musa;m;1
7;Robert;m;1
7;Tobias;m;1
7;Umut;m;1
7;Yunus;m;1
6;Anni;w;2
6;Clara;w;2
6;Elena;w;2
6;Elsa;w;2
6;Grace;w;2
6;Isabel;w;2
6;Lara;w;2
6;Leonie;w;2
6;Lilly;w;2
6;Lucia;w;2
6;Martha;w;2
6;Melek;w;2
6;Melina;w;2
6;Meryem;w;2
6;Mina;w;2
6;Paula;w;2
6;Philippa;w;2
6;Sarah;w;2
6;Theresa;w;2
6;Zeynep;w;2
6;Alp;m;2
6;André;m;2
6;Antonio;m;2
6;Ben;m;2
6;Carlo;m;2
6;Emilian;m;2
6;Emin;m;2
6;Finn;m;2
6;Francesco;m;2
6;Joel;m;2
6;Jonah;m;2
6;Joseph;m;2
6;Justus;m;2
6;Kilian;m;2
6;Luke;m;2
6;Matthias;m;2
6;Mika;m;2
6;Milan;m;2
6;Robin;m;2
6;Selim;m;2
6;Thomas;m;2
6;Titus;m;2
6;Alena;w;1
6;Aleyna;w;1
6;Aliyah;w;1
6;Azra;w;1
6;Celine;w;1
6;Eliana;w;1
6;Ellen;w;1
6;Emilie;w;1
6;Enissa;w;1
6;Eylül;w;1
6;Felia;w;1
6;Felicitas;w;1
6;Franka;w;1
6;Gloria;w;1
6;Helen;w;1
6;Jette;w;1
6;Jonna;w;1
6;Julie;w;1
6;Kira;w;1
6;Käthe;w;1
6;Leah;w;1
6;Livia;w;1
6;Anas;m;1
6;Lola;w;1
6;Azad;m;1
6;Lou;w;1
6;Benedikt;m;1
6;Lucia;w;1
6;Benno;m;1
6;Lynn;w;1
6;Deniz;m;1
6;Madita;w;1
6;Eddie;m;1
6;Medina;w;1
6;Ediz;m;1
6;Miriam;w;1
6;Elijah;m;1
6;Nia;w;1
6;Elio;m;1
6;Nila;w;1
6;Filip;m;1
6;Rosa;w;1
6;Florentin;m;1
6;Sena;w;1
6;Giuseppe;m;1
6;Viola;w;1
6;Hanno;m;1
6;Zoé;w;1
6;Hasan;m;1
6;Janne;m;1
6;Jannik;m;1
6;Jayden;m;1
6;Joschua;m;1
6;Juri;m;1
6;Kalle;m;1
6;Leopold;m;1
6;Lionel;m;1
6;Lorenz;m;1
6;Mads;m;1
6;Mahir;m;1
6;Mailo;m;1
6;Maurice;m;1
6;Michel;m;1
6;Mick;m;1
6;Muhammad;m;1
6;Nino;m;1
6;Noé;m;1
6;Omar;m;1
6;Osman;m;1
6;Philip;m;1
6;Silas;m;1
6;Taim;m;1
6;Thiago;m;1
6;Tristan;m;1
6;Vito;m;1
6;Yiğit;m;1
5;Christian;m;3
5;Johannes;m;3
5;Katharina;w;3
5;Alma;w;2
5;Amelie;w;2
5;Anastasia;w;2
5;Aurelia;w;2
5;Ava;w;2
5;Christin;w;2
5;Christina;w;2
5;Ela;w;2
5;Elea;w;2
5;Flora;w;2
5;Florentine;w;2
5;Frieda;w;2
5;Gabriele;w;2
5;Isabell;w;2
5;Jane;w;2
5;Jolie;w;2
5;Julia;w;2
5;Julie;w;2
5;Luna;w;2
5;Lynn;w;2
5;Maja;w;2
5;Malia;w;2
5;Mathea;w;2
5;Mila;w;2
5;Olivia;w;2
5;Therese;w;2
5;Zoé;w;2
5;Adam;m;2
5;Albert;m;2
5;Angelo;m;2
5;Aras;m;2
5;Arthur;m;2
5;Asaf;m;2
5;Aslan;m;2
5;Caspar;m;2
5;Clemens;m;2
5;Dean;m;2
5;Eliah;m;2
5;Enno;m;2
5;Eric;m;2
5;Florian;m;2
5;Hannes;m;2
5;Hans;m;2
5;Henrik;m;2
5;Ilyas;m;2
5;Joachim;m;2
5;Konrad;m;2
5;Leopold;m;2
5;Muhammed;m;2
5;Nicolas;m;2
5;Philip;m;2
5;Piet;m;2
5;Rafael;m;2
5;Ragnar;m;2
5;Rainer;m;2
5;Rolf;m;2
5;Singh;m;2
5;William;m;2
5;Alba;w;1
5;Alia;w;1
5;Annika;w;1
5;Anouk;w;1
5;Arya;w;1
5;Chloé;w;1
5;Defne;w;1
5;Dilara;w;1
5;Dilay;w;1
5;Eda;w;1
5;Elise;w;1
5;Enisa;w;1
5;Enna;w;1
5;Franziska;w;1
5;Gioia;w;1
5;Helene;w;1
5;Helin;w;1
5;Jolina;w;1
5;Kiara;w;1
5;Lana;w;1
5;Lani;w;1
5;Leana;w;1
5;Leonora;w;1
5;Louise;w;1
5;Lucy;w;1
5;Melisa;w;1
5;Meyra;w;1
5;Milana;w;1
5;Alan;m;1
5;Nala;w;1
5;Alfred;m;1
5;Rebecca;w;1
5;Alparslan;m;1
5;Selin;w;1
5;Alperen;m;1
5;Smilla;w;1
5;Amar;m;1
5;Zara;w;1
5;Andreas;m;1
5;Zoey;w;1
5;Angelo;m;1
5;Öykü;w;1
5;Ari;m;1
5;Aslan;m;1
5;Aurelio;m;1
5;Bennet;m;1
5;Can;m;1
5;Danilo;m;1
5;Dean;m;1
5;Efe;m;1
5;Elliot;m;1
5;Enea;m;1
5;Francesco;m;1
5;Ivan;m;1
5;Jari;m;1
5;Jaron;m;1
5;Kemal;m;1
5;Kuzey;m;1
5;Leandro;m;1
5;Levent;m;1
5;Lino;m;1
5;Liyan;m;1
5;Marco;m;1
5;Marius;m;1
5;Miguel;m;1
5;Milian;m;1
5;Miraç;m;1
5;Musab;m;1
5;Noa;m;1
5;Pablo;m;1
5;Roman;m;1
5;Sami;m;1
5;Samu;m;1
5;Selim;m;1
5;Seyit;m;1
5;William;m;1
4;Maria;w;4
4;Heinrich;m;3
4;Herbert;m;3
4;Josef;m;3
4;Peter;m;3
4;Wilhelm;m;3
4;Adele;w;2
4;Alicja;w;2
4;Asena;w;2
4;Cataleya;w;2
4;Diana;w;2
4;Emily;w;2
4;Fabienne;w;2
4;Fatma;w;2
4;Finja;w;2
4;Frida;w;2
4;Josefin;w;2
4;Klara;w;2
4;Lena;w;2
4;Lia;w;2
4;Lilli;w;2
4;Linh;w;2
4;Lotte;w;2
4;Marianna;w;2
4;Marina;w;2
4;Maya;w;2
4;Melissa;w;2
4;Naomi;w;2
4;Naz;w;2
4;Nina;w;2
4;Nour;w;2
4;Rebecca;w;2
4;Rosalie;w;2
4;Sara;w;2
4;Arian;m;2
4;August;m;2
4;Augustin;m;2
4;Bela;m;2
4;Bilal;m;2
4;Bruno;m;2
4;Elian;m;2
4;Emmanuel;m;2
4;Ensar;m;2
4;Erich;m;2
4;Erik;m;2
4;Fabian;m;2
4;Franz;m;2
4;Heinz;m;2
4;Helmut;m;2
4;Ibrahim;m;2
4;Isa;m;2
4;Jannis;m;2
4;Kasimir;m;2
4;Klaus;m;2
4;Kurt;m;2
4;Leandro;m;2
4;Levin;m;2
4;Linus;m;2
4;Lio;m;2
4;Marius;m;2
4;Mattis;m;2
4;Maurice;m;2
4;Mustafa;m;2
4;Noa;m;2
4;Oscar;m;2
4;Simeon;m;2
4;Stefan;m;2
4;Tim;m;2
4;Tom;m;2
4;Ulrich;m;2
4;Uwe;m;2
4;Viktor;m;2
4;Werner;m;2
4;Willi;m;2
4;Ajla;w;1
4;Amilia;w;1
4;Ana;w;1
4;Angelina;w;1
4;Anisa;w;1
4;Arina;w;1
4;Asel;w;1
4;Aya;w;1
4;Benita;w;1
4;Clea;w;1
4;Cosima;w;1
4;Dana;w;1
4;Daria;w;1
4;Ecrin;w;1
4;Elea;w;1
4;Eleonora;w;1
4;Elsa;w;1
4;Emelie;w;1
4;Esther;w;1
4;Evelina;w;1
4;Evin;w;1
4;Fabienne;w;1
4;Fenja;w;1
4;Florentine;w;1
4;Havin;w;1
4;Hedda;w;1
4;Hedi;w;1
4;Ilayda;w;1
4;Iva;w;1
4;Jara;w;1
4;Jolie;w;1
4;Juli;w;1
4;Kalea;w;1
4;Karlotta;w;1
4;Adem;m;1
4;Kaya;w;1
4;Ahmet;m;1
4;Kayla;w;1
4;Avi;m;1
4;Larissa;w;1
4;Aymen;m;1
4;Lili;w;1
4;Charles;m;1
4;Liyah;w;1
4;Darian;m;1
4;Lucía;w;1
4;Dario;m;1
4;Magdalena;w;1
4;Dennis;m;1
4;Maila;w;1
4;Edgar;m;1
4;Malin;w;1
4;Edis;m;1
4;Maliya;w;1
4;Elija;m;1
4;Marina;w;1
4;Enes;m;1
4;Marleen;w;1
4;Federico;m;1
4;Mathilde;w;1
4;Giuliano;m;1
4;Mavi;w;1
4;Hector;m;1
4;Medine;w;1
4;Henning;m;1
4;Millie;w;1
4;Ibrahim;m;1
4;Natalie;w;1
4;Ilay;m;1
4;Neele;w;1
4;Isa;m;1
4;Nicole;w;1
4;Isaiah;m;1
4;Nola;w;1
4;Jad;m;1
4;Pina;w;1
4;Jannes;m;1
4;Romi;w;1
4;Keanu;m;1
4;Ronya;w;1
4;Keyan;m;1
4;Safiya;w;1
4;Leif;m;1
4;Sare;w;1
4;Lorenzo;m;1
4;Tabea;w;1
4;Louie;m;1
4;Tamina;w;1
4;Mamadou;m;1
4;Tara;w;1
4;Mario;m;1
4;Thalia;w;1
4;Marten;m;1
4;Tia;w;1
4;Matheo;m;1
4;Violetta;w;1
4;Mike;m;1
4;Vivienne;w;1
4;Mirza;m;1
4;Xenia;w;1
4;Naim;m;1
4;Yara;w;1
4;Nikolas;m;1
4;Yaren;w;1
4;Otis;m;1
4;Poyraz;m;1
4;Rio;m;1
4;Ruben;m;1
4;Salih;m;1
4;Salvatore;m;1
4;Shayan;m;1
4;Talha;m;1
4;Tiago;m;1
4;Tino;m;1
4;Vince;m;1
4;Yahya;m;1
4;Yavuz;m;1
3;Alexandra;w;3
3;Johanna;w;3
3;Margarete;w;3
3;Albert;m;3
3;Marlene;w;3
3;Andreas;m;3
3;Rosa;w;3
3;Dieter;m;3
3;Gabriel;m;3
3;Hermann;m;3
3;Michael;m;3
3;Paul;m;3
3;Aaliyah;w;2
3;Agnes;w;2
3;Alice;w;2
3;Alicia;w;2
3;Amira;w;2
3;Anne;w;2
3;Anouk;w;2
3;Aurelie;w;2
3;Aurora;w;2
3;Cecilia;w;2
3;Claire;w;2
3;Dua;w;2
3;Eleni;w;2
3;Elina;w;2
3;Elizabeth;w;2
3;Ellen;w;2
3;Emilie;w;2
3;Emma;w;2
3;Emmi;w;2
3;Esther;w;2
3;Eva;w;2
3;Fatima;w;2
3;Fernanda;w;2
3;Fiona;w;2
3;Florence;w;2
3;Friederike;w;2
3;Gabriela;w;2
3;Greta;w;2
3;Hanna;w;2
3;Hedwig;w;2
3;Helen;w;2
3;Henriette;w;2
3;Hermine;w;2
3;Hilde;w;2
3;Hope;w;2
3;Jasmin;w;2
3;Jolina;w;2
3;Jonna;w;2
3;Joy;w;2
3;Liara;w;2
3;Lieselotte;w;2
3;Linda;w;2
3;Luana;w;2
3;Lucie;w;2
3;Lucy;w;2
3;Adem;m;2
3;Luzia;w;2
3;Adnan;m;2
3;Madeleine;w;2
3;Alparslan;m;2
3;Madita;w;2
3;Amin;m;2
3;Mai;w;2
3;Andreas;m;2
3;Mailin;w;2
3;Azad;m;2
3;Malin;w;2
3;Aziz;m;2
3;Malu;w;2
3;Bernard;m;2
3;Mara;w;2
3;Brian;m;2
3;Marianne;w;2
3;Calogero;m;2
3;Mariella;w;2
3;Dominik;m;2
3;Melody;w;2
3;Eduard;m;2
3;Mira;w;2
3;Felipe;m;2
3;Nura;w;2
3;Fiete;m;2
3;Philine;w;2
3;Frank;m;2
3;Regina;w;2
3;Frederic;m;2
3;Ria;w;2
3;Frederick;m;2
3;Rita;w;2
3;Gabriele;m;2
3;Sonja;w;2
3;Gerd;m;2
3;Teresa;w;2
3;Gereon;m;2
3;Theresia;w;2
3;Giovanni;m;2
3;Ursula;w;2
3;Gustav;m;2
3;Yael;w;2
3;Hendrik;m;2
3;Hennes;m;2
3;Horst;m;2
3;Jaron;m;2
3;Jona;m;2
3;Jonte;m;2
3;Joris;m;2
3;José;m;2
3;Kamil;m;2
3;Kaspar;m;2
3;Kayra;m;2
3;Kian;m;2
3;Krasimirov;m;2
3;Kumar;m;2
3;Leevi;m;2
3;Luan;m;2
3;Magnus;m;2
3;Manfred;m;2
3;Marc;m;2
3;Markus;m;2
3;Mats;m;2
3;Matti;m;2
3;Mohammed;m;2
3;Nathan;m;2
3;Neo;m;2
3;Nikolaus;m;2
3;Raphael;m;2
3;René;m;2
3;Rudolf;m;2
3;Sascha;m;2
3;Sven;m;2
3;Toni;m;2
3;Vito;m;2
3;Yannick;m;2
3;Zeyd;m;2
3;Ömer;m;2
3;Ahsen;w;1
3;Alara;w;1
3;Alea;w;1
3;Alice;w;1
3;Alicia;w;1
3;Amaya;w;1
3;Angel;w;1
3;Anika;w;1
3;Anila;w;1
3;Anita;w;1
3;Annabell;w;1
3;Annabelle;w;1
3;Asli;w;1
3;Ahmed;m;1
3;Asra;w;1
3;Aiden;m;1
3;Awa;w;1
3;Alessandro;m;1
3;Beatrice;w;1
3;Antoine;m;1
3;Beyza;w;1
3;Armin;m;1
3;Buğlem;w;1
3;Arne;m;1
3;Camilla;w;1
3;Arwin;m;1
3;Cansu;w;1
3;Azer;m;1
3;Carolin;w;1
3;Barış;m;1
3;Celia;w;1
3;Berkay;m;1
3;Clarissa;w;1
3;Bjarne;m;1
3;Daliya;w;1
3;Béla;m;1
3;Delia;w;1
3;Carlos;m;1
3;Derin;w;1
3;Cem;m;1
3;Dila;w;1
3;Charly;m;1
3;Dina;w;1
3;Christian;m;1
3;Duru;w;1
3;Colin;m;1
3;Ecem;w;1
3;Damon;m;1
3;Elissa;w;1
3;Denis;m;1
3;Eliza;w;1
3;Dian;m;1
3;Elly;w;1
3;Dion;m;1
3;Esila;w;1
3;Dominik;m;1
3;Evelyn;w;1
3;Dorian;m;1
3;Felicia;w;1
3;Edward;m;1
3;Feline;w;1
3;Eldin;m;1
3;Fenna;w;1
3;Eliah;m;1
3;Filippa;w;1
3;Emmanuel;m;1
3;Francesca;w;1
3;Emre;m;1
3;Freya;w;1
3;Eray;m;1
3;Fritzi;w;1
3;Ertuğrul;m;1
3;Giada;w;1
3;Fernando;m;1
3;Giuliana;w;1
3;Frido;m;1
3;Hafsa;w;1
3;Gereon;m;1
3;Hila;w;1
3;Gianluca;m;1
3;Ilaria;w;1
3;Gianni;m;1
3;İlayda;w;1
3;Gioele;m;1
3;Iman;w;1
3;Gustav;m;1
3;Ines;w;1
3;Göktuğ;m;1
3;Inga;w;1
3;Hendrik;m;1
3;Ivy;w;1
3;Jack;m;1
3;Jamila;w;1
3;Jaden;m;1
3;Jasmina;w;1
3;Jamal;m;1
3;Kaja;w;1
3;Jarno;m;1
3;Kara;w;1
3;Jason;m;1
3;Karina;w;1
3;Jelle;m;1
3;Kate;w;1
3;Jim;m;1
3;Kenza;w;1
3;Jon;m;1
3;Layan;w;1
3;Jonne;m;1
3;Layla;w;1
3;Josef;m;1
3;Leila;w;1
3;Julien;m;1
3;Leona;w;1
3;Junis;m;1
3;Liara;w;1
3;Kamil;m;1
3;Lilia;w;1
3;Karam;m;1
3;Lilian;w;1
3;Karim;m;1
3;Lilou;w;1
3;Kayra;m;1
3;Lily;w;1
3;Kenan;m;1
3;Liora;w;1
3;Kevin;m;1
3;Liva;w;1
3;Kiano;m;1
3;Malak;w;1
3;Lean;m;1
3;Malena;w;1
3;Leander;m;1
3;Mali;w;1
3;Leonhard;m;1
3;Malu;w;1
3;Liano;m;1
3;Mariam;w;1
3;Lounes;m;1
3;Marlena;w;1
3;Luciano;m;1
3;Masal;w;1
3;Léon;m;1
3;Mathea;w;1
3;Magnus;m;1
3;Melanie;w;1
3;Marc;m;1
3;Meliha;w;1
3;Marcel;m;1
3;Melis;w;1
3;Massimo;m;1
3;Naima;w;1
3;Mattes;m;1
3;Naomi;w;1
3;Matthis;m;1
3;Nejla;w;1
3;Maël;m;1
3;Nela;w;1
3;Melih;m;1
3;Nelia;w;1
3;Mete;m;1
3;Neyla;w;1
3;Mik;m;1
3;Nilay;w;1
3;Miko;m;1
3;Noemi;w;1
3;Milas;m;1
3;Nova;w;1
3;Minh;m;1
3;Penelope;w;1
3;Mo;m;1
3;Philine;w;1
3;Mohammad;m;1
3;Polly;w;1
3;Mustafa;m;1
3;Rahel;w;1
3;Nathan;m;1
3;Rieke;w;1
3;Nevio;m;1
3;Rosalia;w;1
3;Niclas;m;1
3;Rose;w;1
3;Nikola;m;1
3;Rubi;w;1
3;Nikolai;m;1
3;Ruby;w;1
3;Nikolaos;m;1
3;Sayra;w;1
3;Nouri;m;1
3;Sina;w;1
3;Peter;m;1
3;Sofie;w;1
3;Phileas;m;1
3;Soraya;w;1
3;Richard;m;1
3;Stine;w;1
3;Said;m;1
3;Sümeyye;w;1
3;Samuele;m;1
3;Tala;w;1
3;Severin;m;1
3;Theresia;w;1
3;Seyyid;m;1
3;Una;w;1
3;Sinan;m;1
3;Vera;w;1
3;Thore;m;1
3;Vivien;w;1
3;Tilo;m;1
3;Wilma;w;1
3;Timur;m;1
3;Zümra;w;1
3;Tony;m;1
3;Tyler;m;1
3;Vitus;m;1
3;Wilhelm;m;1
3;Yanis;m;1
3;Yassin;m;1
3;Yağız;m;1
3;Zain;m;1
3;Zeyd;m;1
3;Ziya;m;1
2;Anna;w;3
2;Christine;w;3
2;Eleonore;w;3
2;Helena;w;3
2;Isabella;w;3
2;Lou;w;3
2;Alfred;m;3
2;Nadine;w;3
2;Bo;m;3
2;Nicole;w;3
2;Edgar;m;3
2;Petra;w;3
2;Eric;m;3
2;Sophie;w;3
2;Felix;m;3
2;Ursula;w;3
2;Ferdinand;m;3
2;Ylvi;w;3
2;Franco;m;3
2;Friedrich;m;3
2;Georg;m;3
2;Heinz;m;3
2;Henning;m;3
2;Henry;m;3
2;Hubert;m;3
2;Hugo;m;3
2;Jürgen;m;3
2;Karl;m;3
2;Leo;m;3
2;Maximilian;m;3
2;Pascal;m;3
2;Patrick;m;3
2;Richard;m;3
2;Sebastian;m;3
2;Tidde;m;3
2;Walter;m;3
2;Ada;w;2
2;Adriana;w;2
2;Alea;w;2
2;Aleyna;w;2
2;Alina;w;2
2;Amara;w;2
2;Andrea;w;2
2;Angel;w;2
2;Angela;w;2
2;Anita;w;2
2;Annabell;w;2
2;Annamaria;w;2
2;Annika;w;2
2;Asel;w;2
2;Asenova;w;2
2;Atanasova;w;2
2;Azra;w;2
2;Baaba;w;2
2;Barbara;w;2
2;Bella;w;2
2;Brigitte;w;2
2;Carla;w;2
2;Carolina;w;2
2;Celina;w;2
2;Chanel;w;2
2;Coco;w;2
2;Cäcilia;w;2
2;Dalia;w;2
2;Dana;w;2
2;Dora;w;2
2;Eleanor;w;2
2;Eleonora;w;2
2;Eliz;w;2
2;Elli;w;2
2;Elodie;w;2
2;Erika;w;2
2;Abdullah;m;2
2;Evelyn;w;2
2;Abel;m;2
2;Farina;w;2
2;Aden;m;2
2;Fee;w;2
2;Aeneas;m;2
2;Felicia;w;2
2;Ahmad;m;2
2;Felicitas;w;2
2;Aid;m;2
2;Feline;w;2
2;Aleksander;m;2
2;Franziska;w;2
2;Alfio;m;2
2;Fritzi;w;2
2;Alfred;m;2
2;Giulia;w;2
2;Alvar;m;2
2;Halina;w;2
2;Amadeus;m;2
2;Hana;w;2
2;Amar;m;2
2;Hawa;w;2
2;Amir;m;2
2;Hristova;w;2
2;Ammar;m;2
2;Ina;w;2
2;An;m;2
2;Inge;w;2
2;Andrei;m;2
2;Ingrid;w;2
2;Anthony;m;2
2;Ioana;w;2
2;Arkadiusz;m;2
2;Irene;w;2
2;Armando;m;2
2;Irina;w;2
2;Armin;m;2
2;Iris;w;2
2;Arno;m;2
2;Izabela;w;2
2;Arnold;m;2
2;Jana;w;2
2;Arslan;m;2
2;Jennifer;w;2
2;Ata;m;2
2;Joan;w;2
2;Aurelius;m;2
2;Jule;w;2
2;Bas;m;2
2;Juna;w;2
2;Bastian;m;2
2;Junia;w;2
2;Benedict;m;2
2;Kaur;w;2
2;Bennet;m;2
2;Kiana;w;2
2;Bennett;m;2
2;Kiara;w;2
2;Bernd;m;2
2;Krasimirova;w;2
2;Bora;m;2
2;Kristin;w;2
2;Burak;m;2
2;Laetitia;w;2
2;Casper;m;2
2;Layla;w;2
2;Cem;m;2
2;Lee;w;2
2;Cemal;m;2
2;Leona;w;2
2;Christopher;m;2
2;Leonor;w;2
2;Ciel;m;2
2;Lien;w;2
2;Connor;m;2
2;Lilia;w;2
2;Conrad;m;2
2;Lille;w;2
2;Denis;m;2
2;Linn;w;2
2;Deniz;m;2
2;Liv;w;2
2;Dennis;m;2
2;Livia;w;2
2;Desislavov;m;2
2;Lore;w;2
2;Diego;m;2
2;Loreen;w;2
2;Domenico;m;2
2;Luz;w;2
2;Domingos;m;2
2;Luzie;w;2
2;Donato;m;2
2;Lydia;w;2
2;Eden;m;2
2;Mae;w;2
2;Ediz;m;2
2;Maisy;w;2
2;Edward;m;2
2;Manuela;w;2
2;Elijah;m;2
2;Margarethe;w;2
2;Emanuel;m;2
2;Margarita;w;2
2;Emir;m;2
2;Mari;w;2
2;Enea;m;2
2;Marielle;w;2
2;Enes;m;2
2;Marietta;w;2
2;Ennio;m;2
2;Marike;w;2
2;Eren;m;2
2;Marisa;w;2
2;Ernesto;m;2
2;Marlena;w;2
2;Ernst;m;2
2;Marlie;w;2
2;Erwin;m;2
2;Mary;w;2
2;Ewald;m;2
2;Masal;w;2
2;Falk;m;2
2;Maylin;w;2
2;Faruk;m;2
2;Melanie;w;2
2;Fernando;m;2
2;Michaela;w;2
2;Filippo;m;2
2;Milena;w;2
2;Francisco;m;2
2;Milou;w;2
2;Georgiev;m;2
2;Minou;w;2
2;Georgios;m;2
2;Monika;w;2
2;Gino;m;2
2;Monique;w;2
2;Giorgio;m;2
2;Nhi;w;2
2;Giuseppe;m;2
2;Noa;w;2
2;Gregor;m;2
2;Noé;w;2
2;Halid;m;2
2;Petra;w;2
2;Halil;m;2
2;Pheline;w;2
2;Han;m;2
2;Pia;w;2
2;Hubert;m;2
2;Pola;w;2
2;Huy;m;2
2;Rahel;w;2
2;Ian;m;2
2;Ramona;w;2
2;Ilias;m;2
2;Ronja;w;2
2;Immanuel;m;2
2;Rosemarie;w;2
2;Ismet;m;2
2;Sabine;w;2
2;Jackson;m;2
2;Sahra;w;2
2;Jaden;m;2
2;Salome;w;2
2;Jano;m;2
2;Sidney;w;2
2;Jaro;m;2
2;Silke;w;2
2;Jasper;m;2
2;Simone;w;2
2;Jens;m;2
2;Stefania;w;2
2;Joe;m;2
2;Sue;w;2
2;Jordan;m;2
2;Suri;w;2
2;Joshua;m;2
2;Tamara;w;2
2;Junis;m;2
2;Tina;w;2
2;Karlo;m;2
2;Ulrike;w;2
2;Kevin;m;2
2;Vasileva;w;2
2;Lamin;m;2
2;Verena;w;2
2;Leano;m;2
2;Veronika;w;2
2;Len;m;2
2;Vincenza;w;2
2;Lennard;m;2
2;Wilhelmina;w;2
2;Leonardo;m;2
2;Yakub;w;2
2;León;m;2
2;Yuliyanova;w;2
2;Lian;m;2
2;Yuna;w;2
2;Lorenz;m;2
2;Zina;w;2
2;Lou;m;2
2;Zofia;w;2
2;Luk;m;2
2;Élise;w;2
2;Luka;m;2
2;Lutz;m;2
2;Mael;m;2
2;Marcus;m;2
2;Mario;m;2
2;Marlon;m;2
2;Matheo;m;2
2;Mathias;m;2
2;Mattheo;m;2
2;Miguel;m;2
2;Mihailov;m;2
2;Milian;m;2
2;Miraç;m;2
2;Mirza;m;2
2;Mohamed;m;2
2;Necati;m;2
2;Niklas;m;2
2;Nikolas;m;2
2;Noël;m;2
2;Oliver;m;2
2;Osman;m;2
2;Otis;m;2
2;Otto;m;2
2;Paolo;m;2
2;Phil;m;2
2;Phileas;m;2
2;Philippe;m;2
2;Phillip;m;2
2;Pierre;m;2
2;Ricardo;m;2
2;Rio;m;2
2;Rodi;m;2
2;Romeo;m;2
2;Rudi;m;2
2;Rémi;m;2
2;Salem;m;2
2;Samu;m;2
2;Santino;m;2
2;Scott;m;2
2;Sergio;m;2
2;Sinan;m;2
2;Stephan;m;2
2;Tayler;m;2
2;Thilo;m;2
2;Tijan;m;2
2;Tobias;m;2
2;Todorov;m;2
2;Tyler;m;2
2;Umeyr;m;2
2;Umut;m;2
2;Valentino;m;2
2;Veli;m;2
2;Veselinov;m;2
2;Vitus;m;2
2;Walter;m;2
2;Willem;m;2
2;Wim;m;2
2;Wolfgang;m;2
2;Yaro;m;2
2;Yasin;m;2
2;Yaşar;m;2
2;Adele;w;1
2;Afra;w;1
2;Aisha;w;1
2;Alaa;w;1
2;Alani;w;1
2;Aleena;w;1
2;Alesia;w;1
2;Alev;w;1
2;Alexandra;w;1
2;Alin;w;1
2;Abel;m;1
2;Alisha;w;1
2;Adnan;m;1
2;Alisia;w;1
2;Adonis;m;1
2;Alissa;w;1
2;Ahmad;m;1
2;Almas;w;1
2;Akin;m;1
2;Almira;w;1
2;Albert;m;1
2;Amanda;w;1
2;Aleksandar;m;1
2;Amine;w;1
2;Aleksej;m;1
2;Amélie;w;1
2;Alexandros;m;1
2;Anastasija;w;1
2;Alexandru;m;1
2;Andjela;w;1
2;Alp;m;1
2;Anne;w;1
2;Altay;m;1
2;Annelie;w;1
2;Amanuel;m;1
2;Annie;w;1
2;Anthony;m;1
2;Aria;w;1
2;Aram;m;1
2;Arianna;w;1
2;Arel;m;1
2;Arin;w;1
2;Ares;m;1
2;Artemis;w;1
2;Aris;m;1
2;Asia;w;1
2;Arjen;m;1
2;Asja;w;1
2;Arman;m;1
2;Asmin;w;1
2;Arno;m;1
2;Assia;w;1
2;Aro;m;1
2;Aura;w;1
2;Aryan;m;1
2;Ayda;w;1
2;Asaf;m;1
2;Ayşe;w;1
2;Asen;m;1
2;Açelya;w;1
2;August;m;1
2;Bella;w;1
2;Ayaan;m;1
2;Betül;w;1
2;Aybars;m;1
2;Blessing;w;1
2;Ayden;m;1
2;Büşra;w;1
2;Ayman;m;1
2;Carlota;w;1
2;Bastian;m;1
2;Carolina;w;1
2;Batu;m;1
2;Cataleya;w;1
2;Batuhan;m;1
2;Celina;w;1
2;Bene;m;1
2;Ceylin;w;1
2;Benedict;m;1
2;Christina;w;1
2;Benicio;m;1
2;Cinderella;w;1
2;Boris;m;1
2;Coco;w;1
2;Bryan;m;1
2;Dalia;w;1
2;Caio;m;1
2;Darya;w;1
2;Canluca;m;1
2;Dilyana;w;1
2;Casper;m;1
2;Dora;w;1
2;Cedric;m;1
2;Dorothea;w;1
2;Cemal;m;1
2;Eara;w;1
2;Clemens;m;1
2;Edith;w;1
2;Cornelius;m;1
2;Ekaterina;w;1
2;Costa;m;1
2;Elara;w;1
2;Damiano;m;1
2;Eleanor;w;1
2;Dani;m;1
2;Eliane;w;1
2;Darius;m;1
2;Elmedina;w;1
2;Davud;m;1
2;Elmina;w;1
2;Denny;m;1
2;Elodie;w;1
2;Devin;m;1
2;Elvira;w;1
2;Devran;m;1
2;Ema;w;1
2;Dimitrios;m;1
2;Emely;w;1
2;Diyan;m;1
2;Emin;w;1
2;Diyar;m;1
2;Enie;w;1
2;Dominic;m;1
2;Enni;w;1
2;Dylan;m;1
2;Erva;w;1
2;Eduard;m;1
2;Esin;w;1
2;Edvin;m;1
2;Esmeralda;w;1
2;Ege;m;1
2;Esra;w;1
2;Ekrem;m;1
2;Ewa;w;1
2;Elham;m;1
2;Fatima;w;1
2;Eliyas;m;1
2;Filiz;w;1
2;Emanuele;m;1
2;Finya;w;1
2;Eneas;m;1
2;Freyja;w;1
2;Erkan;m;1
2;Gabriella;w;1
2;Eyad;m;1
2;Giorgia;w;1
2;Falk;m;1
2;Giulietta;w;1
2;Fares;m;1
2;Grace;w;1
2;Faris;m;1
2;Gözde;w;1
2;Fatih;m;1
2;Haley;w;1
2;Finlay;m;1
2;Helia;w;1
2;Finley;m;1
2;Henriette;w;1
2;Fitz;m;1
2;Henrike;w;1
2;Floris;m;1
2;Hilal;w;1
2;Frank;m;1
2;Hilda;w;1
2;Frederic;m;1
2;Hiranur;w;1
2;Fredrik;m;1
2;Holly;w;1
2;Gennaro;m;1
2;İkra;w;1
2;Gideon;m;1
2;Ilda;w;1
2;Giulio;m;1
2;Inaya;w;1
2;Güney;m;1
2;Iris;w;1
2;Hanzala;m;1
2;Irma;w;1
2;Harry;m;1
2;Isa;w;1
2;Hektor;m;1
2;Isabelle;w;1
2;Hermann;m;1
2;Isalie;w;1
2;Hussein;m;1
2;Jannat;w;1
2;Ian;m;1
2;Jella;w;1
2;İbrahim;m;1
2;Jil;w;1
2;Idris;m;1
2;Joni;w;1
2;Igor;m;1
2;Judith;w;1
2;Ilan;m;1
2;Julina;w;1
2;Ilias;m;1
2;Juni;w;1
2;Ilja;m;1
2;Juno;w;1
2;İlyas;m;1
2;Kaira;w;1
2;Isak;m;1
2;Katinka;w;1
2;Ismail;m;1
2;Khadija;w;1
2;Jago;m;1
2;Kim;w;1
2;Jakub;m;1
2;Kiyana;w;1
2;James;m;1
2;Laila;w;1
2;Jamie;m;1
2;Lamar;w;1
2;Janno;m;1
2;Larina;w;1
2;Jarne;m;1
2;Lawin;w;1
2;Jasin;m;1
2;Leandra;w;1
2;Jawad;m;1
2;Leeloo;w;1
2;Jayson;m;1
2;Leia;w;1
2;Jean;m;1
2;Lenia;w;1
2;Joe;m;1
2;Lenja;w;1
2;Jordan;m;1
2;Leoni;w;1
2;Jorin;m;1
2;Lieselotte;w;1
2;Josh;m;1
2;Lilith;w;1
2;Joud;m;1
2;Liljana;w;1
2;Jules;m;1
2;Lillie;w;1
2;Jurek;m;1
2;Lilo;w;1
2;Jusuf;m;1
2;Linna;w;1
2;Kai;m;1
2;Linnea;w;1
2;Kamal;m;1
2;Liyana;w;1
2;Kaon;m;1
2;Lore;w;1
2;Karan;m;1
2;Lorin;w;1
2;Kasimir;m;1
2;Luca;w;1
2;Kaspar;m;1
2;Lujain;w;1
2;Kerem;m;1
2;Luzie;w;1
2;Khalil;m;1
2;Lya;w;1
2;Kolja;m;1
2;Léa;w;1
2;Konstantinos;m;1
2;Léana;w;1
2;Kristian;m;1
2;Madeleine;w;1
2;Kurt;m;1
2;Madlen;w;1
2;Kylian;m;1
2;Maha;w;1
2;Laslo;m;1
2;Mahi;w;1
2;Lauand;m;1
2;Mai;w;1
2;Laurens;m;1
2;Maia;w;1
2;Lemar;m;1
2;Malea;w;1
2;Len;m;1
2;Manisa;w;1
2;Leonidas;m;1
2;Marianna;w;1
2;Levon;m;1
2;Maru;w;1
2;Logan;m;1
2;Mary;w;1
2;Lou;m;1
2;Mascha;w;1
2;Louay;m;1
2;Maxi;w;1
2;Ludwig;m;1
2;Melike;w;1
2;Lui;m;1
2;Meliya;w;1
2;Lutz;m;1
2;Merjem;w;1
2;Lyan;m;1
2;Merve;w;1
2;Lyon;m;1
2;Meva;w;1
2;Maddox;m;1
2;Mia-Sophie;w;1
2;Maksim;m;1
2;Michelle;w;1
2;Mariano;m;1
2;Minel;w;1
2;Marko;m;1
2;Minna;w;1
2;Marvin;m;1
2;Miya;w;1
2;Matei;m;1
2;Nadia;w;1
2;Mathis;m;1
2;Nadin;w;1
2;Mattheo;m;1
2;Naila;w;1
2;Maxime;m;1
2;Narin;w;1
2;Meran;m;1
2;Nayla;w;1
2;Merlin;m;1
2;Nea;w;1
2;Mico;m;1
2;Neela;w;1
2;Mijo;m;1
2;Nefeli;w;1
2;Mikel;m;1
2;Nelly;w;1
2;Mila;m;1
2;Nesrin;w;1
2;Miles;m;1
2;Nevin;w;1
2;Miro;m;1
2;Niki;w;1
2;Mischa;m;1
2;Nissrine;w;1
2;Muaz;m;1
2;Noa;w;1
2;Muhamed;m;1
2;Nomi;w;1
2;Nali;m;1
2;Noémie;w;1
2;Nathanael;m;1
2;Ophelia;w;1
2;Nelian;m;1
2;Palina;w;1
2;Nelio;m;1
2;Pheline;w;1
2;Nelson;m;1
2;Pinar;w;1
2;Nemo;m;1
2;Polina;w;1
2;Nicholas;m;1
2;Princess;w;1
2;Nicolai;m;1
2;Rabia;w;1
2;Nicolás;m;1
2;Rana;w;1
2;Nikita;m;1
2;Rania;w;1
2;Nikolaj;m;1
2;Rhea;w;1
2;Nilas;m;1
2;Romina;w;1
2;Nilo;m;1
2;Roya;w;1
2;Noan;m;1
2;Runa;w;1
2;Noyan;m;1
2;Ruth;w;1
2;Nuh;m;1
2;Rüya;w;1
2;Osama;m;1
2;Samaya;w;1
2;Otto;m;1
2;Sanya;w;1
2;Patrice;m;1
2;Saphira;w;1
2;Quentin;m;1
2;Sarya;w;1
2;Quinn;m;1
2;Selma;w;1
2;Ragnar;m;1
2;Seyedeh;w;1
2;Rahman;m;1
2;Shaya;w;1
2;Raik;m;1
2;Shirin;w;1
2;Rami;m;1
2;Sienna;w;1
2;Rasmus;m;1
2;Sıla;w;1
2;Ravi;m;1
2;Sila;w;1
2;Remi;m;1
2;Simay;w;1
2;Riccardo;m;1
2;Sohia;w;1
2;Roberto;m;1
2;Solin;w;1
2;Rudi;m;1
2;Stefania;w;1
2;Salomon;m;1
2;Stefanie;w;1
2;Salvador;m;1
2;Suvi;w;1
2;Samir;m;1
2;Teresa;w;1
2;Samson;m;1
2;Theda;w;1
2;Sandro;m;1
2;Tiffany;w;1
2;Santiago;m;1
2;Tinka;w;1
2;Santino;m;1
2;Vanessa;w;1
2;Semih;m;1
2;Veronika;w;1
2;Soufian;m;1
2;Vina;w;1
2;Tammo;m;1
2;Wanda;w;1
2;Teo;m;1
2;Yade;w;1
2;Teoman;m;1
2;Yasmina;w;1
2;Thies;m;1
2;Yuki;w;1
2;Thijs;m;1
2;Yusra;w;1
2;Thomas;m;1
2;Zahra;w;1
2;Tiam;m;1
2;Zehra;w;1
2;Valentino;m;1
2;Zeliha;w;1
2;Valerian;m;1
2;Ziva;w;1
2;Valerio;m;1
2;Zoi;w;1
2;Viktor;m;1
2;Zoí;w;1
2;Vincenzo;m;1
2;Zuri;w;1
2;Vitali;m;1
2;Zuzanna;w;1
2;Willem;m;1
2;Willi;m;1
2;Willy;m;1
2;Yannik;m;1
2;Yari;m;1
2;Yonah;m;1
2;Yousef;m;1
2;Yuki;m;1
2;Yuma;m;1
2;Yunis;m;1
2;Yuri;m;1
2;Ziyad;m;1
2;Émile;m;1
1;André;m;5
1;Adelheid;w;5
1;Apollinaris;m;5
1;Elisabeth;w;5
1;Elsayed;m;5
1;Vatersname);w;5
1;Hermann;m;5
1;Kerem;m;5
1;Timoti-Keoni;m;5
1;Alexander;m;4
1;Augustus;m;4
1;+;w;4
1;Benedikt;m;4
1;Ava;w;4
1;Christian;m;4
1;Cornelia;w;4
1;Elsayed;m;4
1;Dadze;w;4
1;Hannes;m;4
1;Elisabeth;w;4
1;Hariton;m;4
1;Elli;w;4
1;Hector;m;4
1;Fleur;w;4
1;Hubert;m;4
1;Fouda;w;4
1;Ibrahim;m;4
1;Luise;w;4
1;Karl;m;4
1;Marie;w;4
1;Max;m;4
1;Rasheed;w;4
1;Maximilian;m;4
1;Ruth;w;4
1;Noel;m;4
1;Silvia;w;4
1;Oro;m;4
1;Reinhard;m;4
1;Sylvester;m;4
1;Theodor;m;4
1;Thien;m;4
1;Tino;m;4
1;Zidane;m;4
1;(Vorname;w;3
1;Adepa;w;3
1;Agathe;w;3
1;Agnes;w;3
1;Akua;w;3
1;Akumu;w;3
1;Alegria;w;3
1;Alicia;w;3
1;Alija;w;3
1;Amanda;w;3
1;Amanfo;w;3
1;Amba;w;3
1;Amosi;w;3
1;Angel;w;3
1;Anh;w;3
1;Animwaa;w;3
1;Annegret;w;3
1;Anneliese;w;3
1;Adil;m;3
1;Annemarie;w;3
1;Ahmet;m;3
1;Anouk;w;3
1;Albin;m;3
1;Anuk;w;3
1;Alemu;m;3
1;Asmaou;w;3
1;Ali;m;3
1;Augusta;w;3
1;Amaru;m;3
1;Aurelia;w;3
1;Anakin;m;3
1;Balahatun;w;3
1;Archie;m;3
1;Beatrice;w;3
1;Aui;m;3
1;Benedicta;w;3
1;Aurelian;m;3
1;Besuah;w;3
1;Axel;m;3
1;Betttina;w;3
1;Bakr;m;3
1;Biene;w;3
1;Balaaga;m;3
1;Blanche;w;3
1;Barley;m;3
1;Brigitte;w;3
1;Basire;m;3
1;Carlina;w;3
1;Ben;m;3
1;Carolina;w;3
1;Benedikt;m;3
1;Caterina;w;3
1;Benno;m;3
1;Chanel;w;3
1;Bernhard;m;3
1;Chi;w;3
1;Birk;m;3
1;Christel;w;3
1;Boris;m;3
1;Chun;w;3
1;Bru;m;3
1;Clara;w;3
1;Bruno;m;3
1;Claudia;w;3
1;Carl;m;3
1;Coco;w;3
1;Cassius;m;3
1;Daniela;w;3
1;Cay;m;3
1;Dolores;w;3
1;Cesur;m;3
1;Duruve;w;3
1;Charles;m;3
1;Désirée;w;3
1;Corleone;m;3
1;Edith;w;3
1;Cosimo;m;3
1;Ela;w;3
1;Daniel;m;3
1;Elaine;w;3
1;Daud;m;3
1;Elisabetha;w;3
1;David;m;3
1;Elke;w;3
1;Desire;m;3
1;Ellen;w;3
1;Devine;m;3
1;Ellie;w;3
1;Django;m;3
1;Else;w;3
1;Dux;m;3
1;Emilia;w;3
1;Ediagbonya;m;3
1;Emilie;w;3
1;Eduard;m;3
1;Emily;w;3
1;Edward;m;3
1;Eni;w;3
1;Eliel;m;3
1;Eugenie;w;3
1;Emil;m;3
1;Faa;w;3
1;Emilian;m;3
1;Fazilet;w;3
1;Enrique;m;3
1;Fee;w;3
1;Erich;m;3
1;Fern;w;3
1;Ernesto;m;3
1;Fernella;w;3
1;Faber;m;3
1;Fiona;w;3
1;Fadhil;m;3
1;Florence;w;3
1;Fidelius;m;3
1;Fortuna;w;3
1;Finlay;m;3
1;Franziska;w;3
1;Finley;m;3
1;Frederike;w;3
1;Flynn;m;3
1;Freya;w;3
1;Frederick;m;3
1;Fritzi;w;3
1;Frederico;m;3
1;Gabriele;w;3
1;Friederich;m;3
1;Gaowa;w;3
1;Fritz;m;3
1;Gerda;w;3
1;Frédéric;m;3
1;Gina;w;3
1;Gheorge;m;3
1;Gisela;w;3
1;Giulio;m;3
1;Grace;w;3
1;Gordan;m;3
1;Greta;w;3
1;Grisu;m;3
1;Grete;w;3
1;Guefack;m;3
1;Gwendolin;w;3
1;Gustl;m;3
1;Hannah;w;3
1;Harry;m;3
1;Haya;w;3
1;Hartmut;m;3
1;Hayat;w;3
1;Hector;m;3
1;Hedwig;w;3
1;Heliodoro;m;3
1;Heide;w;3
1;Henri;m;3
1;Heidi;w;3
1;Horst;m;3
1;Ida;w;3
1;Hubertus;m;3
1;Inga;w;3
1;Hussain;m;3
1;Ingeborg;w;3
1;Ian;m;3
1;Ingrid;w;3
1;Ikponmwosa;m;3
1;Jaklina;w;3
1;Ilya;m;3
1;Jannyn;w;3
1;Immanuel;m;3
1;Jette;w;3
1;Isak;m;3
1;Joia;w;3
1;Jakob;m;3
1;Joline;w;3
1;Jannes;m;3
1;Judith;w;3
1;Jano;m;3
1;Juliette;w;3
1;Janto;m;3
1;Juna;w;3
1;Javier;m;3
1;Karoline;w;3
1;Joachim;m;3
1;Kaur;w;3
1;Johann;m;3
1;Kehinde;w;3
1;José;m;3
1;Kristina;w;3
1;Julius;m;3
1;Laura;w;3
1;Junior;m;3
1;Leontine;w;3
1;Kaamel;m;3
1;Leyla;w;3
1;Kamau;m;3
1;Li;w;3
1;Karl-Heinz;m;3
1;Liesel;w;3
1;Kasongo;m;3
1;Lilibeth;w;3
1;Katambala;m;3
1;Lilli;w;3
1;Keanu;m;3
1;Lina;w;3
1;Khang;m;3
1;Linh;w;3
1;Khudeda;m;3
1;Lioba;w;3
1;Klaus;m;3
1;Liv;w;3
1;Kostantin;m;3
1;Livia;w;3
1;Kurt;m;3
1;Loki;w;3
1;Kweku;m;3
1;Lore;w;3
1;Lennix;m;3
1;Lotte;w;3
1;Lenno;m;3
1;Louise;w;3
1;Leonhard;m;3
1;Lovis;w;3
1;Levi;m;3
1;Lu;w;3
1;Liam;m;3
1;Lucia;w;3
1;Lorenz;m;3
1;Luisa;w;3
1;Lou;m;3
1;Mae;w;3
1;Louis;m;3
1;Magdalena;w;3
1;Ludo;m;3
1;Mara;w;3
1;Luis;m;3
1;Margareta;w;3
1;Manfred;m;3
1;Margit;w;3
1;Mares;m;3
1;Margret;w;3
1;Marian;m;3
1;Marita;w;3
1;Marliese;w;3
1;Marinov;m;3
1;Mary;w;3
1;Marinus;m;3
1;Mathilda;w;3
1;Mariusz;m;3
1;Mayala;w;3
1;Marlon;m;3
1;Meryem;w;3
1;Marten;m;3
1;Mi;w;3
1;Martin;m;3
1;Mia;w;3
1;Mats;m;3
1;Minh;w;3
1;Mattheus;m;3
1;Minou;w;3
1;Mattis;m;3
1;Moana;w;3
1;Mete;m;3
1;Mohammed;w;3
1;Mike;m;3
1;Monika;w;3
1;Miró;m;3
1;Mỹ;w;3
1;Mo;m;3
1;Nana;w;3
1;Mohamed;m;3
1;Natja;w;3
1;Moritz;m;3
1;Ngokazi;w;3
1;Mpiasa;m;3
1;Nia;w;3
1;Naael;m;3
1;Nihayet;w;3
1;Nakoa;m;3
1;Nora;w;3
1;Naser;m;3
1;Noubissie;w;3
1;Nathaniel;m;3
1;Noémi;w;3
1;Niam;m;3
1;Nur;w;3
1;Nikolas;m;3
1;Ocean;w;3
1;Nikolaus;m;3
1;Octavia;w;3
1;Nil;m;3
1;Ophelia;w;3
1;Noel;m;3
1;Osarugue;w;3
1;Noél;m;3
1;Osman;w;3
1;Ole;m;3
1;Paula;w;3
1;Oliver;m;3
1;Pauline;w;3
1;Omoniyi;m;3
1;Peaches;w;3
1;Ousmane;m;3
1;Petronella;w;3
1;Pieter;m;3
1;Prema;w;3
1;Prodige;m;3
1;Rebecca;w;3
1;Rainer;m;3
1;Rebekka;w;3
1;Raúl;m;3
1;Renée;w;3
1;Reinhard;m;3
1;Resi;w;3
1;Rivus;m;3
1;Rey;w;3
1;Robert;m;3
1;Reyes;w;3
1;Roman;m;3
1;Riley;w;3
1;Siggi;m;3
1;Rita;w;3
1;Singh;m;3
1;Rose;w;3
1;Sulaiman;m;3
1;Sabine;w;3
1;Tam;m;3
1;Saleem;w;3
1;Tchapmi;m;3
1;Samantha;w;3
1;Tchoté;m;3
1;Satira;w;3
1;Thomas;m;3
1;Sefa;w;3
1;Toan;m;3
1;Shania;w;3
1;Tonatiuh;m;3
1;Sian;w;3
1;Tony;m;3
1;Silvia;w;3
1;Turan;m;3
1;Simeonov;w;3
1;Udo;m;3
1;Skyla;w;3
1;Ulysses;m;3
1;Sloth;w;3
1;Urban;m;3
1;Sofie;w;3
1;Valencio;m;3
1;Sophia;w;3
1;Valentin;m;3
1;Summer;w;3
1;Viktor;m;3
1;Suna;w;3
1;Vincenzo;m;3
1;Susanne;w;3
1;Volker;m;3
1;Taiwo;w;3
1;Waldemar;m;3
1;Thea;w;3
1;Wedigo;m;3
1;Therese;w;3
1;Wiklo;m;3
1;Theresia;w;3
1;Wilfried;m;3
1;Tuuli;w;3
1;Willi;m;3
1;Valencia;w;3
1;Willy;m;3
1;Victoria;w;3
1;Wolfgang;m;3
1;Violae;w;3
1;Xander;m;3
1;Walburga;w;3
1;Xaver;m;3
1;Wilhelmina;w;3
1;Xavier;m;3
1;Yang;w;3
1;Yasuo;m;3
1;Yemaya;w;3
1;Yeon-Oh;m;3
1;Yuna;w;3
1;Yonnel;m;3
1;Zineta;w;3
1;Zaman;m;3
1;Änni;w;3
1;Zbigniew;m;3
1;Zinédine;m;3
1;Çan;m;3
1;;w;2
1;Abeer;w;2
1;Achieng;w;2
1;Adanna;w;2
1;Adeline;w;2
1;Aderike;w;2
1;Adina;w;2
1;Afia;w;2
1;Afonso;w;2
1;Afrah;w;2
1;Afriyie;w;2
1;Agata;w;2
1;Agathe;w;2
1;Aglaia;w;2
1;Agnieszka;w;2
1;Agrippina;w;2
1;Ahmad;w;2
1;Ainhoa;w;2
1;Ainoa;w;2
1;Aissata;w;2
1;Ajana;w;2
1;Akari;w;2
1;Akhmedovna;w;2
1;Akina;w;2
1;Alba;w;2
1;Aleandra;w;2
1;Aleksandrovna;w;2
1;Alessia;w;2
1;Aletheia;w;2
1;Alex;w;2
1;Alexa;w;2
1;Alexis;w;2
1;Ali;w;2
1;Alica;w;2
1;Alida;w;2
1;Aline;w;2
1;Alix;w;2
1;Allen;w;2
1;Alliya;w;2
1;Almedina;w;2
1;Almira;w;2
1;Aloisia;w;2
1;Alva;w;2
1;Amal;w;2
1;Amali;w;2
1;Amanda;w;2
1;Amarachi;w;2
1;Amargi;w;2
1;Amaya;w;2
1;Amina;w;2
1;Aminata;w;2
1;Amine;w;2
1;Amália;w;2
1;Amélie;w;2
1;Anahí;w;2
1;Anais;w;2
1;Anaïs;w;2
1;Andra;w;2
1;Anduta;w;2
1;Anette;w;2
1;Angelika;w;2
1;Abbas;m;2
1;Angeliki;w;2
1;Abdesamad;m;2
1;Anitha;w;2
1;Abid;m;2
1;Annabelle;w;2
1;Abiodun;m;2
1;Annais;w;2
1;Adib;m;2
1;Annalisa;w;2
1;Adrian;m;2
1;Annegret;w;2
1;Agir;m;2
1;Annemarie;w;2
1;Agyemang;m;2
1;Antonella;w;2
1;Ahad;m;2
1;Antonie;w;2
1;Ahmed;m;2
1;Antonietta;w;2
1;Aiden;m;2
1;Anuk;w;2
1;Akin;m;2
1;Anyango;w;2
1;Akiva;m;2
1;Apollonia;w;2
1;Albertov;m;2
1;Aria;w;2
1;Alejandro;m;2
1;Ariel;w;2
1;Aleksandrov;m;2
1;Ariella;w;2
1;Aleksej;m;2
1;Arife;w;2
1;Alen;m;2
1;Arin;w;2
1;Alessio;m;2
1;Armaya;w;2
1;Alfie;m;2
1;Arpine;w;2
1;Alifeli;m;2
1;Arslanovna;w;2
1;Aliyar;m;2
1;Asanova;w;2
1;Allah;m;2
1;Asiya;w;2
1;Allen;m;2
1;Asiye;w;2
1;Allessio;m;2
1;Asmin;w;2
1;Alois;m;2
1;Asta;w;2
1;Aloys;m;2
1;Astrid;w;2
1;Alper;m;2
1;Asya;w;2
1;Alphonse;m;2
1;Atinoukê;w;2
1;Altay;m;2
1;Auguste;w;2
1;Amadou;m;2
1;Aviana;w;2
1;Amani;m;2
1;Avienna;w;2
1;Amaru;m;2
1;Aycan;w;2
1;Amon;m;2
1;Aydan;w;2
1;Amor;m;2
1;Aysin;w;2
1;Amr;m;2
1;Ayşe;w;2
1;Anas;m;2
1;Azalea;w;2
1;Anbesa;m;2
1;Azania;w;2
1;Andrej;m;2
1;Bachata;w;2
1;Andres;m;2
1;Bali;w;2
1;Andrija;m;2
1;Bargret;w;2
1;Andrijowytsch;m;2
1;Batu;w;2
1;Andris;m;2
1;Bea;w;2
1;Andrzej;m;2
1;Beatrice;w;2
1;Andy;m;2
1;Bee;w;2
1;Anetov;m;2
1;Belgin;w;2
1;Anh;m;2
1;Belén;w;2
1;Anh-Minh;m;2
1;Benita;w;2
1;Anouar;m;2
1;Bensu;w;2
1;Antoine;m;2
1;Berenice;w;2
1;Antoinebonzolo;m;2
1;Bernadette;w;2
1;Antonia;m;2
1;Bernhardina;w;2
1;António;m;2
1;Berta;w;2
1;Arcangelo;m;2
1;Betül;w;2
1;Ari;m;2
1;Beyza;w;2
1;Aris;m;2
1;Beyzat;w;2
1;Arkadi;m;2
1;Bijelle;w;2
1;Armang;m;2
1;Billie;w;2
1;Arne;m;2
1;Birdie;w;2
1;Arto;m;2
1;Birgit;w;2
1;Artur;m;2
1;Birte;w;2
1;Arvid;m;2
1;Blanca;w;2
1;Arwid;m;2
1;Blanche;w;2
1;Asenov;m;2
1;Blanka;w;2
1;Ashur;m;2
1;Blessing;w;2
1;Astor;m;2
1;Bo;w;2
1;Asyan;m;2
1;Borislavova;w;2
1;Athanasios;m;2
1;Bria;w;2
1;Atilla;m;2
1;Buket;w;2
1;Atlas;m;2
1;Camille;w;2
1;Augustus;m;2
1;Carina;w;2
1;Aurelian;m;2
1;Carmela;w;2
1;Aviel;m;2
1;Carmen;w;2
1;Avir;m;2
1;Carol;w;2
1;Axel;m;2
1;Carola;w;2
1;Ayad;m;2
1;Cassiopeia;w;2
1;Ayaz;m;2
1;Catalina;w;2
1;Aydın;m;2
1;Caterina;w;2
1;Ayo;m;2
1;Catharina;w;2
1;Ayyed;m;2
1;Cecilie;w;2
1;Bahri;m;2
1;Celin;w;2
1;Bajwa;m;2
1;Celine;w;2
1;Baptista;m;2
1;Ceylin;w;2
1;Baran;m;2
1;Chang-Mei;w;2
1;Barry;m;2
1;Chantana;w;2
1;Bartholomäus;m;2
1;Cherry;w;2
1;Basit;m;2
1;Cheyenne;w;2
1;Batu;m;2
1;Chiara;w;2
1;Başar;m;2
1;Chidinma;w;2
1;Beckham;m;2
1;Chioma;w;2
1;Beene;m;2
1;Chleo;w;2
1;Bektash;m;2
1;Chloe;w;2
1;Belden;m;2
1;Chloé;w;2
1;Benedek;m;2
1;Christa;w;2
1;Benedykt;m;2
1;Christel;w;2
1;Benni;m;2
1;Clea;w;2
1;Benoît;m;2
1;Conni;w;2
1;Bent;m;2
1;Conway;w;2
1;Berat;m;2
1;Corinne;w;2
1;Berk;m;2
1;Cornelia;w;2
1;Bernhard;m;2
1;Corona;w;2
1;Bero;m;2
1;Corry;w;2
1;Bert;m;2
1;Crocetta;w;2
1;Bert-Josef;m;2
1;Cäcilie;w;2
1;Bertil;m;2
1;Céline;w;2
1;Besnik;m;2
1;Da-Eun;w;2
1;Birhayat;m;2
1;Dahlia;w;2
1;Blago;m;2
1;Dalin;w;2
1;Blagoev;m;2
1;Daniela;w;2
1;Bodo;m;2
1;Daria;w;2
1;Bogdan;m;2
1;Darlis;w;2
1;Bory;m;2
1;Deetje;w;2
1;Bosse;m;2
1;Defne;w;2
1;Boutni;m;2
1;Deidre;w;2
1;Brandt;m;2
1;Delia;w;2
1;Branimirov;m;2
1;Delvida;w;2
1;Branko;m;2
1;Denis;w;2
1;Brice;m;2
1;Denislav;w;2
1;Bruce;m;2
1;Desislava;w;2
1;Callan;m;2
1;Deste;w;2
1;Carlos;m;2
1;Devi;w;2
1;Casi;m;2
1;Deyanova;w;2
1;Casimir;m;2
1;Diane;w;2
1;Cassian;m;2
1;Diegui;w;2
1;Castiel;m;2
1;Dila;w;2
1;Ceaser;m;2
1;Dimitrichkeva;w;2
1;Cedi;m;2
1;Dimitrova;w;2
1;Cedric;m;2
1;Dina;w;2
1;Celasun;m;2
1;Dioni;w;2
1;Cemil;m;2
1;Dior;w;2
1;Cesur;m;2
1;Diren;w;2
1;Charl;m;2
1;Diệu;w;2
1;Charlie;m;2
1;Domenica;w;2
1;Chengo;m;2
1;Dominika;w;2
1;Chester;m;2
1;Donatella;w;2
1;Chris;m;2
1;Donja;w;2
1;Claude;m;2
1;Dorra;w;2
1;Claudio;m;2
1;Dulana;w;2
1;Claudius;m;2
1;Duru;w;2
1;Claus;m;2
1;Ece;w;2
1;Colin;m;2
1;Ecem;w;2
1;Collin;m;2
1;Eda;w;2
1;Colm;m;2
1;Edda;w;2
1;Colonius;m;2
1;Edith;w;2
1;Conner;m;2
1;Efraim;w;2
1;Cornelius;m;2
1;Efsun;w;2
1;Corvin;m;2
1;Efua;w;2
1;Cosimo;m;2
1;Electra;w;2
1;Cosmo;m;2
1;Elein;w;2
1;Cyrus;m;2
1;Elenor;w;2
1;César;m;2
1;Eleonor;w;2
1;Cüneyt;m;2
1;Eleya;w;2
1;Daan;m;2
1;Elfie;w;2
1;Daiki;m;2
1;Elies;w;2
1;Dalawar;m;2
1;Elikya-Marie;w;2
1;Daniil;m;2
1;Elin;w;2
1;Danilo;m;2
1;Elke;w;2
1;Danny;m;2
1;Elly;w;2
1;Dante;m;2
1;Elmedina;w;2
1;Dapaah;m;2
1;Eloise;w;2
1;Dariusz;m;2
1;Elordia;w;2
1;Darren;m;2
1;Elorie;w;2
1;Dauld;m;2
1;Else;w;2
1;Davin;m;2
1;Elvira;w;2
1;Davood;m;2
1;Emelie;w;2
1;Davy;m;2
1;Emely;w;2
1;Dawid;m;2
1;Emeraude;w;2
1;Dejen;m;2
1;Emilee;w;2
1;Demirov;m;2
1;Emilya;w;2
1;Denchov;m;2
1;Emmanuelle;w;2
1;Dev;m;2
1;Emotion;w;2
1;Devan;m;2
1;Emra;w;2
1;Dewen;m;2
1;Engin;w;2
1;Deyvid;m;2
1;Erna;w;2
1;Diamady;m;2
1;Esila;w;2
1;Dibea;m;2
1;Esma;w;2
1;Dieter;m;2
1;Esmail;w;2
1;Dilovarovič;m;2
1;Esmay;w;2
1;Dimitrov;m;2
1;Esmée;w;2
1;Dimov;m;2
1;Esperanza;w;2
1;Dion;m;2
1;Essayas;w;2
1;Dior;m;2
1;Estelle;w;2
1;Djon;m;2
1;Estrella;w;2
1;Dominique;m;2
1;Evangelia;w;2
1;Don;m;2
1;Eve;w;2
1;Duc;m;2
1;Evelin;w;2
1;Duke;m;2
1;Evelyne;w;2
1;Dylane;m;2
1;Evîn;w;2
1;Dzhansu;m;2
1;Eylül;w;2
1;Dzhuneit;m;2
1;Ezra;w;2
1;Ebubekir;m;2
1;Fabia;w;2
1;Ecevit;m;2
1;Faida;w;2
1;Eddie;m;2
1;Fanny;w;2
1;Edi;m;2
1;Farhan;w;2
1;Edis;m;2
1;Faé;w;2
1;Edmund;m;2
1;Fechi;w;2
1;Edwin;m;2
1;Feli;w;2
1;Ege;m;2
1;Felina;w;2
1;Egon;m;2
1;Fenja;w;2
1;Ekki;m;2
1;Ferida;w;2
1;Elchai;m;2
1;Feriha;w;2
1;Eleon;m;2
1;Feyza;w;2
1;Eleonorov;m;2
1;Fil;w;2
1;Elessar;m;2
1;Filicity;w;2
1;Eliam;m;2
1;Filipa;w;2
1;Eliano;m;2
1;Finchen;w;2
1;Elie;m;2
1;Fine;w;2
1;Elija;m;2
1;Firdevs;w;2
1;Elio;m;2
1;Fleur;w;2
1;Elios;m;2
1;Flor;w;2
1;Eloghosa;m;2
1;Folashade;w;2
1;Elyaz;m;2
1;Franka;w;2
1;Emile;m;2
1;Fredrikke;w;2
1;Emiliano;m;2
1;Freja;w;2
1;Emilijan;m;2
1;Gabriella;w;2
1;Emilion;m;2
1;Gabrielle;w;2
1;Emiljan;m;2
1;Ganem;w;2
1;Emmet;m;2
1;Gauhar;w;2
1;Emmett;m;2
1;Genevieve;w;2
1;Emre;m;2
1;Georgina;w;2
1;Emwiomwan;m;2
1;Gerda;w;2
1;Emyl;m;2
1;Gina;w;2
1;Enzo;m;2
1;Gioia;w;2
1;Eppa;m;2
1;Giovanna;w;2
1;Erasmo;m;2
1;Gisela;w;2
1;Ercan;m;2
1;Gloria;w;2
1;Erden;m;2
1;Gordana;w;2
1;Erdinch;m;2
1;Gracia;w;2
1;Erhan;m;2
1;Graziana;w;2
1;Erhard;m;2
1;Grazyna;w;2
1;Erian;m;2
1;Guendalina;w;2
1;Ernriko;m;2
1;Gufronovna;w;2
1;Erol;m;2
1;Gyunay;w;2
1;Ersin;m;2
1;Gyurdzanova;w;2
1;Esaia;m;2
1;Gül;w;2
1;Eslam;m;2
1;Güneş;w;2
1;Esminov;m;2
1;Hacer;w;2
1;Etienne;m;2
1;Hadas;w;2
1;Eugenio;m;2
1;Hae-in;w;2
1;Eugène;m;2
1;Hamza;w;2
1;Eun-Mok;m;2
1;Han;w;2
1;Evgenii;m;2
1;Hanife;w;2
1;Eymen;m;2
1;Hannah;w;2
1;Eyram;m;2
1;Hanne;w;2
1;Ezra;m;2
1;Harley;w;2
1;Fabius;m;2
1;Hasan;w;2
1;Fabrizio;m;2
1;Hasret;w;2
1;Faelan;m;2
1;Hatice;w;2
1;Fahd;m;2
1;Haylie;w;2
1;Faraja;m;2
1;Hedda;w;2
1;Fatih;m;2
1;Heidemarie;w;2
1;Faustin;m;2
1;Heidi;w;2
1;Fazlı;m;2
1;Heidrun;w;2
1;Fedor;m;2
1;Helga;w;2
1;Felipé;m;2
1;Helin;w;2
1;Ferdi;m;2
1;Hella;w;2
1;Ferhat;m;2
1;Hera;w;2
1;Ferid;m;2
1;Hevin;w;2
1;Ferry;m;2
1;Hilda;w;2
1;Fidelius;m;2
1;Hilma;w;2
1;Fietje;m;2
1;Hira;w;2
1;Filip;m;2
1;Huda;w;2
1;Finjas;m;2
1;Hussein;w;2
1;Finneas;m;2
1;Hêja;w;2
1;Finnley;m;2
1;Hổng;w;2
1;Finnr;m;2
1;Ifunanya;w;2
1;Fitus;m;2
1;İkra;w;2
1;Fitz;m;2
1;Ildiko;w;2
1;Florin;m;2
1;Iliana;w;2
1;Floris;m;2
1;Ilona;w;2
1;Flynn;m;2
1;Ilvie;w;2
1;Flóki;m;2
1;Ilwa;w;2
1;Fox;m;2
1;Inaaya;w;2
1;Francis;m;2
1;Inci;w;2
1;Franco;m;2
1;Inda;w;2
1;Francois;m;2
1;Ines;w;2
1;Franjo;m;2
1;Inés;w;2
1;Frank-Dieter;m;2
1;Iolanda;w;2
1;Franko;m;2
1;Ione;w;2
1;François;m;2
1;Irena;w;2
1;Freddie;m;2
1;Irma;w;2
1;Frederico;m;2
1;Irmgard;w;2
1;Fredi;m;2
1;isabelle;w;2
1;Frieder;m;2
1;Isi;w;2
1;Friedolin;m;2
1;Iulia;w;2
1;Friis;m;2
1;Ivanka;w;2
1;Félix;m;2
1;Izabella;w;2
1;Gael;m;2
1;Jade;w;2
1;Gaetano;m;2
1;Jaelle;w;2
1;Galinov;m;2
1;Jamilah;w;2
1;Garry;m;2
1;Janina;w;2
1;Gazi;m;2
1;Janna;w;2
1;Gennadiy;m;2
1;Janthis;w;2
1;Gennaro;m;2
1;Jara;w;2
1;George;m;2
1;Jelena;w;2
1;Geovany;m;2
1;Jenna;w;2
1;Gerhard;m;2
1;Jenny;w;2
1;Gero;m;2
1;Jessica;w;2
1;Gessesse;m;2
1;Jiang;w;2
1;Giacomo;m;2
1;Jiyan;w;2
1;Godsent;m;2
1;Joana;w;2
1;Goran;m;2
1;Joanna;w;2
1;Gordon;m;2
1;Johanne;w;2
1;Goud;m;2
1;Joleen;w;2
1;Grant;m;2
1;Jolin;w;2
1;Great;m;2
1;Joni;w;2
1;Gunter;m;2
1;Josefina;w;2
1;Gustel;m;2
1;Josefrine;w;2
1;Gérard;m;2
1;Josepha;w;2
1;Güney;m;2
1;Josephin;w;2
1;Günter;m;2
1;Joulie;w;2
1;Habib;m;2
1;Jouline;w;2
1;Haiman;m;2
1;Juli;w;2
1;Hajo;m;2
1;Juliana;w;2
1;Halilov;m;2
1;Juliane;w;2
1;Hamid;m;2
1;Julika;w;2
1;Hamidou;m;2
1;June;w;2
1;Hannibal;m;2
1;Juno;w;2
1;Hanno;m;2
1;Juriana;w;2
1;Harald;m;2
1;Jutta;w;2
1;Harry;m;2
1;Jyoti;w;2
1;Hassan;m;2
1;Kaia;w;2
1;Hauke;m;2
1;Kalea;w;2
1;Hawi;m;2
1;Karim;w;2
1;Hayrullah;m;2
1;Karin;w;2
1;Hector;m;2
1;Karina;w;2
1;Henning;m;2
1;Karline;w;2
1;Henryk;m;2
1;Karolina;w;2
1;Herri;m;2
1;Kate;w;2
1;Hikmat;m;2
1;Kathaleya;w;2
1;Holger;m;2
1;Kathleen;w;2
1;Hong-Phuoc;m;2
1;Katina;w;2
1;Hossam;m;2
1;Katrin;w;2
1;Houman;m;2
1;Kethi;w;2
1;Hristov;m;2
1;Keyla;w;2
1;Hubertus;m;2
1;Khadija;w;2
1;Hulusi;m;2
1;Khairi;w;2
1;Hunter;m;2
1;Khallat;w;2
1;Hyeong-Jun;m;2
1;Kiki;w;2
1;İbrahim;m;2
1;Kiliane;w;2
1;Ibuchim;m;2
1;Kira;w;2
1;Idaet;m;2
1;Kiriaki;w;2
1;Idris;m;2
1;Kısmet;w;2
1;Ignat;m;2
1;Konstantinova;w;2
1;Igor;m;2
1;Kook-Ja;w;2
1;Ihsan;m;2
1;Kristina;w;2
1;Ilai;m;2
1;Käthe;w;2
1;Ilay;m;2
1;Käthemarie;w;2
1;Ilja;m;2
1;Kékéli;w;2
1;Imko;m;2
1;Laila;w;2
1;Imran;m;2
1;Laisa;w;2
1;Ingo;m;2
1;Lana;w;2
1;İsa;m;2
1;Lani;w;2
1;Ishema;m;2
1;Larissa;w;2
1;Ismail;m;2
1;Latifa;w;2
1;István;m;2
1;Laurena;w;2
1;Ivanov;m;2
1;Leander;w;2
1;Ivar;m;2
1;Leia;w;2
1;Ivo;m;2
1;Lela;w;2
1;Iwindsa;m;2
1;Leticia;w;2
1;Iwinosa;m;2
1;Levita;w;2
1;Jackob;m;2
1;Leyla;w;2
1;Jacques;m;2
1;Li;w;2
1;Jai;m;2
1;Lida;w;2
1;Jaime;m;2
1;Lidija;w;2
1;Jakub;m;2
1;Lielle;w;2
1;Jamal;m;2
1;Liese;w;2
1;Jamari;m;2
1;Lil;w;2
1;Jammeh;m;2
1;Liliana;w;2
1;Janne;m;2
1;Lilianna;w;2
1;Jannick;m;2
1;Lilith;w;2
1;Jannik;m;2
1;Lilja;w;2
1;Janusch;m;2
1;Lilliana;w;2
1;Jari;m;2
1;Lillyan;w;2
1;Jarne;m;2
1;Lilo;w;2
1;Jaromil;m;2
1;Linea;w;2
1;Jasin;m;2
1;Linnea;w;2
1;Jax;m;2
1;Lisanne;w;2
1;Jay;m;2
1;Lisbeth;w;2
1;Jayden;m;2
1;Lisenka;w;2
1;Jefferson;m;2
1;Liss;w;2
1;Jendrik;m;2
1;Loa;w;2
1;Jerzy;m;2
1;Lois;w;2
1;Jesaja;m;2
1;Loki;w;2
1;Jesse;m;2
1;Lola;w;2
1;Jiaming;m;2
1;Lora;w;2
1;Jie;m;2
1;Loredana;w;2
1;Jim;m;2
1;Loreley;w;2
1;Jimin;m;2
1;Lorena;w;2
1;Jitzhak;m;2
1;Lorien;w;2
1;Jiyan;m;2
1;Lorita;w;2
1;Jiři;m;2
1;Lottje;w;2
1;Joan;m;2
1;Loujaine;w;2
1;Jochem;m;2
1;Loulouda;w;2
1;Jochen;m;2
1;Lourdes;w;2
1;Joffy;m;2
1;Lov;w;2
1;John;m;2
1;Luanne;w;2
1;Johnny;m;2
1;Luca;w;2
1;Jojo;m;2
1;Luciana;w;2
1;Jonne;m;2
1;Lucilla;w;2
1;Joona;m;2
1;Lucille;w;2
1;Jooris;m;2
1;Lucrezia;w;2
1;Joschua;m;2
1;Luján;w;2
1;Josephina;m;2
1;Luka;w;2
1;Josia;m;2
1;Lulembe;w;2
1;Josua;m;2
1;Lyubomir;w;2
1;Josué;m;2
1;Maarit;w;2
1;Jounis;m;2
1;Mabana;w;2
1;Jules;m;2
1;Madalena;w;2
1;Juliano;m;2
1;Madeliene;w;2
1;Julien;m;2
1;Madiha;w;2
1;Julio;m;2
1;Maeva;w;2
1;Junes;m;2
1;Magdalene;w;2
1;Junus;m;2
1;Magneta;w;2
1;Jurij;m;2
1;Maiara;w;2
1;Józef;m;2
1;Makayla;w;2
1;Kaan;m;2
1;Malaika;w;2
1;Kagan;m;2
1;Malea;w;2
1;Kai;m;2
1;Malena;w;2
1;Kaito;m;2
1;Malene;w;2
1;Kalani;m;2
1;Maliya;w;2
1;Kalle;m;2
1;Mare;w;2
1;Kama;m;2
1;Margareta;w;2
1;Kare;m;2
1;Margaretha;w;2
1;Karim;m;2
1;Margret;w;2
1;Karl-Heinz;m;2
1;Mariam;w;2
1;Karlheinz;m;2
1;Mariana;w;2
1;Karsten;m;2
1;Marie-Thérèse;w;2
1;Karun;m;2
1;Marinella;w;2
1;Kasper;m;2
1;Marion;w;2
1;Kavi;m;2
1;Mariova;w;2
1;Kazbekovic;m;2
1;Marit;w;2
1;Kean;m;2
1;Marita;w;2
1;Keanu;m;2
1;Marla;w;2
1;Keis;m;2
1;Marlo;w;2
1;Kemal;m;2
1;Marlow;w;2
1;Kenan;m;2
1;Marta;w;2
1;Kerem;m;2
1;Maryla;w;2
1;Khalat;m;2
1;Matilde;w;2
1;Khang;m;2
1;Mavi;w;2
1;Khudhur;m;2
1;Mavie;w;2
1;Kilani;m;2
1;Maxim;w;2
1;Kinan;m;2
1;Maximilia;w;2
1;Kiron;m;2
1;Maxin;w;2
1;Klemens;m;2
1;May;w;2
1;Kofi;m;2
1;Maybelle;w;2
1;Kolja;m;2
1;Mayleen;w;2
1;Konny;m;2
1;Mazal;w;2
1;Koos;m;2
1;Maze;w;2
1;Kotsi;m;2
1;Maëlle;w;2
1;Kriton;m;2
1;Maëlys;w;2
1;Kuba;m;2
1;Maïrame;w;2
1;Kurt-Egon;m;2
1;Medina;w;2
1;Kwabena;m;2
1;Medis;w;2
1;Kylian;m;2
1;Mehar;w;2
1;Laert;m;2
1;Mehmedova;w;2
1;Lamarana;m;2
1;Mehri;w;2
1;Lars;m;2
1;Mei;w;2
1;Laurens;m;2
1;Mei-Zhen;w;2
1;Lawrence;m;2
1;Melisa;w;2
1;Leif;m;2
1;Meliya;w;2
1;Lemmy;m;2
1;Merete;w;2
1;Lenn;m;2
1;Mergube;w;2
1;Lennart;m;2
1;Merida;w;2
1;Lenni;m;2
1;Merle;w;2
1;Lenny;m;2
1;Meta;w;2
1;Leone;m;2
1;Metin;w;2
1;Leonhard;m;2
1;Mey;w;2
1;Leonidas;m;2
1;Meyra;w;2
1;Leonte;m;2
1;Michalina;w;2
1;Leonídas;m;2
1;Michelle;w;2
1;Leovani;m;2
1;Mihova;w;2
1;Leroy;m;2
1;Mihra;w;2
1;Lev;m;2
1;Milay;w;2
1;Li;m;2
1;Milele;w;2
1;Lias;m;2
1;Milenova;w;2
1;Limeon;m;2
1;Mileya;w;2
1;Lino;m;2
1;Milia;w;2
1;Lion;m;2
1;Milla;w;2
1;Loki;m;2
1;Millie;w;2
1;Lordon;m;2
1;Minel;w;2
1;Lothar;m;2
1;Minerva;w;2
1;Louan;m;2
1;Minu;w;2
1;Louie;m;2
1;Miracle;w;2
1;Lovro;m;2
1;Miray;w;2
1;Lububu;m;2
1;Miriam;w;2
1;Lucas;m;2
1;Mirijam;w;2
1;Lucian;m;2
1;Mirjam;w;2
1;Luciano;m;2
1;Miroslavova;w;2
1;Lucien;m;2
1;Miyase;w;2
1;Lucius;m;2
1;Miyu;w;2
1;Lucjan;m;2
1;Mizgeen;w;2
1;Ludger;m;2
1;Mjimoseoluwa;w;2
1;Ludvig;m;2
1;Moana;w;2
1;Lui;m;2
1;Moena;w;2
1;Luigi;m;2
1;Moon;w;2
1;Lunis;m;2
1;Morena;w;2
1;Luong;m;2
1;Morgana;w;2
1;Lutfi;m;2
1;Moriko;w;2
1;Mady;m;2
1;Moris;w;2
1;Mahir;m;2
1;Muco;w;2
1;Mahmoud;m;2
1;Munachimso;w;2
1;Maik;m;2
1;Mustafa;w;2
1;Maina;m;2
1;Mustafova;w;2
1;Makiel;m;2
1;My;w;2
1;Maksim;m;2
1;Myong;w;2
1;Malo;m;2
1;Müberra;w;2
1;Mamoo;m;2
1;Münüre;w;2
1;Marcel;m;2
1;Nadir;w;2
1;Marcelino;m;2
1;Naelle;w;2
1;Mardan;m;2
1;Nagihan;w;2
1;Marek;m;2
1;Naika;w;2
1;Mariev;m;2
1;Naila;w;2
1;Marijan;m;2
1;Naima;w;2
1;Marin;m;2
1;Nairobi;w;2
1;Marinov;m;2
1;Namat;w;2
1;Mariyanov;m;2
1;Nana;w;2
1;Marjan;m;2
1;Nancy;w;2
1;Marko;m;2
1;Nanda;w;2
1;Marten;m;2
1;Narcisa;w;2
1;Martino;m;2
1;Narin;w;2
1;Marty;m;2
1;Naré;w;2
1;Maru;m;2
1;Nas;w;2
1;Marvin;m;2
1;Nasara;w;2
1;Matei;m;2
1;Natalie;w;2
1;Mathi;m;2
1;Nauzad;w;2
1;Matondo;m;2
1;Nayla;w;2
1;Matthew;m;2
1;Nazlı;w;2
1;Matthews;m;2
1;Nazmije;w;2
1;Matthäus;m;2
1;Neema;w;2
1;Matts;m;2
1;Nehuén;w;2
1;Matty;m;2
1;Nele;w;2
1;Matz;m;2
1;Nelly;w;2
1;Mauricio;m;2
1;Nermin;w;2
1;Mavrik;m;2
1;Nervana;w;2
1;Maximiliam;m;2
1;Neva;w;2
1;Maximilien;m;2
1;Nevin;w;2
1;Maximus;m;2
1;Nezhe;w;2
1;Maxwell;m;2
1;Ngako;w;2
1;Mazin;m;2
1;Nhat;w;2
1;Maèl;m;2
1;Nia;w;2
1;McGregor;m;2
1;Nica;w;2
1;Megaw;m;2
1;Nicole;w;2
1;Mehmed;m;2
1;Nicolina;w;2
1;Mehmet;m;2
1;Nicolle;w;2
1;Mendes;m;2
1;Nika;w;2
1;Menno;m;2
1;Nike;w;2
1;Meral;m;2
1;Niki;w;2
1;Mero;m;2
1;Nikolay;w;2
1;Mert;m;2
1;Nikoleta;w;2
1;Mescal;m;2
1;Nil;w;2
1;Messi;m;2
1;Nneamaka;w;2
1;Michele;m;2
1;Noelia;w;2
1;Michiel;m;2
1;Nomi;w;2
1;Mikiyas;m;2
1;Nonna;w;2
1;Milano;m;2
1;Nooriya;w;2
1;Miles;m;2
1;Noura;w;2
1;Min-Jun;m;2
1;Nouria;w;2
1;Minh;m;2
1;Novalee;w;2
1;Mio;m;2
1;Nural;w;2
1;Mirek;m;2
1;Nurcan;w;2
1;Mirko;m;2
1;Odilia;w;2
1;Miroslavov;m;2
1;Ohemaa;w;2
1;Mitkov;m;2
1;Oi;w;2
1;Mladenov;m;2
1;Olamide;w;2
1;Mohib;m;2
1;Olaya;w;2
1;Moreno;m;2
1;Omer;w;2
1;Morgan;m;2
1;Omobolale;w;2
1;Morris;m;2
1;Orhanova;w;2
1;Morten;m;2
1;Orysia;w;2
1;Muaz;m;2
1;Osaivbie;w;2
1;Muhammad;m;2
1;Osarugue;w;2
1;Murat;m;2
1;Osasere;w;2
1;Musab;m;2
1;Osman;w;2
1;Naeem;m;2
1;Osose;w;2
1;Nael;m;2
1;Ottilia;w;2
1;Naim;m;2
1;Ottilie;w;2
1;Nam;m;2
1;Oumaryero;w;2
1;Nanuk;m;2
1;Oumou;w;2
1;Napoleon;m;2
1;Palina;w;2
1;Nare;m;2
1;Pandora;w;2
1;Naskov;m;2
1;Paolina;w;2
1;Nathanael;m;2
1;Pariya;w;2
1;Nathanaël;m;2
1;Paulin;w;2
1;Nathaniel;m;2
1;Pearl;w;2
1;Navid;m;2
1;Penda-Rose;w;2
1;Neal;m;2
1;Penelope;w;2
1;Nedzhibov;m;2
1;Perihan;w;2
1;Neil;m;2
1;Petronella;w;2
1;Neko;m;2
1;Peyton;w;2
1;Nelo;m;2
1;Philina;w;2
1;Nelson;m;2
1;Philou;w;2
1;Nemisio;m;2
1;Phoebe;w;2
1;Neuville;m;2
1;Phuong;w;2
1;Ngao;m;2
1;Piadora;w;2
1;Niam;m;2
1;Pinar;w;2
1;Nias;m;2
1;Quetzali;w;2
1;Niccolò;m;2
1;Radkova;w;2
1;Nicholas;m;2
1;Radomirova;w;2
1;Nico;m;2
1;Radoslavova;w;2
1;Nicolaus;m;2
1;Rae;w;2
1;Nicoló;m;2
1;Raffaela;w;2
1;Nik;m;2
1;Rania;w;2
1;Niko;m;2
1;Rasema;w;2
1;Nikolaev;m;2
1;Rasimova;w;2
1;Nikolai;m;2
1;Reyyan;w;2
1;Nikolaos;m;2
1;Rhode;w;2
1;Nikolay;m;2
1;Rhonda;w;2
1;Nilay;m;2
1;Ritel;w;2
1;Nima;m;2
1;Ronahi;w;2
1;Nino;m;2
1;Rosalia;w;2
1;Nkendem;m;2
1;Rosel;w;2
1;Noan;m;2
1;Rosie;w;2
1;Noctis;m;2
1;Rosina;w;2
1;Noke;m;2
1;Ruby;w;2
1;Nor;m;2
1;Rukiye;w;2
1;Norbert;m;2
1;Rut;w;2
1;Nosa;m;2
1;Ruya;w;2
1;Nosazemen;m;2
1;Rümeysa;w;2
1;Nowes;m;2
1;Saadet;w;2
1;Noyan;m;2
1;Sabina;w;2
1;Noé;m;2
1;Sable;w;2
1;Numan;m;2
1;Sadat;w;2
1;Nurbin;m;2
1;Sae-Hee;w;2
1;Nuri;m;2
1;Saeed;w;2
1;Obiri;m;2
1;Sahak;w;2
1;Octavian;m;2
1;Sahar;w;2
1;Oghenekobiruo;m;2
1;Saida;w;2
1;Ojie;m;2
1;Sali;w;2
1;Olamilekan;m;2
1;Salihya;w;2
1;Oleksandrovych;m;2
1;Sam;w;2
1;Olindo;m;2
1;Samantha;w;2
1;Oliseh;m;2
1;Samet;w;2
1;Oluwaferanmi;m;2
1;Samira;w;2
1;Onno;m;2
1;Sanelija;w;2
1;Onofrio;m;2
1;Sanjana;w;2
1;Onuoha;m;2
1;Sanna;w;2
1;Oracle;m;2
1;Santiago;w;2
1;Orhan;m;2
1;Saood;w;2
1;Oriyomi;m;2
1;Sarya;w;2
1;Osagie;m;2
1;Sasha;w;2
1;Osahuname;m;2
1;Savannah;w;2
1;Osewe;m;2
1;Sawyer;w;2
1;Oseyemenre;m;2
1;Sayeh;w;2
1;Osmanov;m;2
1;Sebahat;w;2
1;Ossbill;m;2
1;Selam;w;2
1;Ottokar;m;2
1;Selena;w;2
1;Oğuz;m;2
1;Selenia;w;2
1;Paisios;m;2
1;Selin;w;2
1;Panagiotis;m;2
1;Sena;w;2
1;Parlindungan;m;2
1;Seny;w;2
1;Pascal;m;2
1;Sevdalinova;w;2
1;Pathé;m;2
1;Shabana;w;2
1;Paulus;m;2
1;Shadya;w;2
1;Pavel;m;2
1;Shaili;w;2
1;Pavo;m;2
1;Shakti;w;2
1;Pawel;m;2
1;Shana;w;2
1;Perfect;m;2
1;Shaya;w;2
1;Petrov;m;2
1;Shayesteh;w;2
1;Pico;m;2
1;Shirin;w;2
1;Porsch;m;2
1;Sia;w;2
1;Poyraz;m;2
1;Sika;w;2
1;Prince;m;2
1;Silvia;w;2
1;Puspa;m;2
1;Simina;w;2
1;Quentin;m;2
1;Sloane;w;2
1;Quinn;m;2
1;Smilla;w;2
1;Radu;m;2
1;Sofía;w;2
1;Rafa;m;2
1;Sol;w;2
1;Ralf;m;2
1;Sola;w;2
1;Ralf-Maria;m;2
1;Sole;w;2
1;Ralph;m;2
1;Solea;w;2
1;Ramunas;m;2
1;Sonali;w;2
1;Rasmus;m;2
1;Songül;w;2
1;Ray;m;2
1;Sonia;w;2
1;Rayan;m;2
1;Soraya;w;2
1;Rayen;m;2
1;Spasova;w;2
1;Rebaz;m;2
1;Stacy;w;2
1;Reinhard;m;2
1;Stanislavovna;w;2
1;Reis;m;2
1;Stefanie;w;2
1;Rem;m;2
1;Stefanova;w;2
1;Remi;m;2
1;Steffie;w;2
1;Remigiusz;m;2
1;Stella;w;2
1;Renaldo;m;2
1;Stellina;w;2
1;Renato;m;2
1;Suana;w;2
1;Reno;m;2
1;Sude;w;2
1;Reyaan;m;2
1;Suet;w;2
1;Riad;m;2
1;Sulaika;w;2
1;Rich;m;2
1;Sultan;w;2
1;Rico;m;2
1;Suna;w;2
1;River;m;2
1;Surafeal;w;2
1;Robel;m;2
1;Suraya;w;2
1;Robertov;m;2
1;Susanne;w;2
1;Rocket;m;2
1;Suzana;w;2
1;Rodrigo;m;2
1;Suzanne;w;2
1;Roland;m;2
1;Svea-Marie;w;2
1;Romain;m;2
1;Sybille;w;2
1;Ronald;m;2
1;Sydney;w;2
1;Ronaldo;m;2
1;Sylvaine;w;2
1;Ronî;m;2
1;Tabitha;w;2
1;Ruan;m;2
1;Taha;w;2
1;Rubin;m;2
1;Tala;w;2
1;Rumenov;m;2
1;Talin;w;2
1;Rumi;m;2
1;Talu;w;2
1;Ruska;m;2
1;Tauriel;w;2
1;Ryan;m;2
1;Tchawa;w;2
1;Saad;m;2
1;Tea;w;2
1;Sabahattin;m;2
1;Tekie;w;2
1;Sahel;m;2
1;Teliliane;w;2
1;Salam;m;2
1;Tessa;w;2
1;Saliev;m;2
1;Thea;w;2
1;Salih;m;2
1;Theda;w;2
1;Saliou;m;2
1;Thi;w;2
1;Salvador;m;2
1;Thora;w;2
1;Samir;m;2
1;Tiara;w;2
1;Sammi;m;2
1;Tiffany;w;2
1;Samra;m;2
1;Tiju;w;2
1;Sander;m;2
1;Tilda;w;2
1;Sang;m;2
1;Timea;w;2
1;Santiago;m;2
1;Timurovna;w;2
1;Santos;m;2
1;Tinka;w;2
1;Sarmad;m;2
1;Tiril;w;2
1;Sashov;m;2
1;Tomova;w;2
1;Schahin;m;2
1;Toni;w;2
1;Sean;m;2
1;Trenessa;w;2
1;Sebastiań;m;2
1;Trudi;w;2
1;Sefa;m;2
1;Tynisha;w;2
1;Seginus;m;2
1;Ute;w;2
1;Selman;m;2
1;Uyiosa;w;2
1;Semi;m;2
1;Vahibe;w;2
1;Sennai;m;2
1;Vaiana;w;2
1;Sequoia;m;2
1;Vanessa;w;2
1;Sertório;m;2
1;Vanya;w;2
1;Severinov;m;2
1;Vasiliki;w;2
1;Seymen;m;2
1;Vasilivna;w;2
1;Seyyid;m;2
1;Vega;w;2
1;Sezgin;m;2
1;Venezuela;w;2
1;Shahan;m;2
1;Vera;w;2
1;Shaurya;m;2
1;Veronique;w;2
1;Sher;m;2
1;Vika;w;2
1;Sherzad;m;2
1;Violeta;w;2
1;Shina-Ayomi;m;2
1;Violetta;w;2
1;Siegfried;m;2
1;Vitalija;w;2
1;Silas;m;2
1;Vitória;w;2
1;Silvester;m;2
1;Vivienne;w;2
1;Simão;m;2
1;Vlada;w;2
1;Sinanov;m;2
1;Vladimirova;w;2
1;Siraj;m;2
1;Vy;w;2
1;Siung-Cheng;m;2
1;Wambui;w;2
1;Siyabovich;m;2
1;Wanda;w;2
1;Siyami;m;2
1;Wang;w;2
1;Skipper;m;2
1;Wega;w;2
1;Sobhan;m;2
1;Wera;w;2
1;Sora;m;2
1;Wilhelmine;w;2
1;Souleyman;m;2
1;Wilma;w;2
1;Sri;m;2
1;Winnie;w;2
1;Steven;m;2
1;Xiara;w;2
1;Subeedei;m;2
1;Ximena;w;2
1;Sultan;m;2
1;Yankova;w;2
1;Suphi;m;2
1;Yasemin;w;2
1;Svetoslavov;m;2
1;Yawira;w;2
1;Tadeusz;m;2
1;Yağmur;w;2
1;Taha;m;2
1;Yedda;w;2
1;Tahir;m;2
1;Yelitza;w;2
1;Talal;m;2
1;Yichen;w;2
1;Tamer;m;2
1;Ylenia;w;2
1;Tami;m;2
1;Ylvi;w;2
1;Tamir;m;2
1;Ylvie;w;2
1;Tamo;m;2
1;Yonas;w;2
1;Taylor;m;2
1;Yordanova;w;2
1;Tayo;m;2
1;Youzixin;w;2
1;Ted;m;2
1;Yozlem;w;2
1;Tedros;m;2
1;Yue;w;2
1;Tenebrae;m;2
1;Yusra;w;2
1;Thaddäus;m;2
1;Yvonne;w;2
1;Tham;m;2
1;Zahra;w;2
1;Thees;m;2
1;Zainab;w;2
1;Theobald;m;2
1;Zehra;w;2
1;Theopilus;m;2
1;Zekimyuren;w;2
1;Thiago;m;2
1;Zerya;w;2
1;Thommy;m;2
1;Zeyyan;w;2
1;Thore;m;2
1;Zhuolan;w;2
1;Tiago;m;2
1;Ziba;w;2
1;Till;m;2
1;Zilfije;w;2
1;Timo;m;2
1;Ziling;w;2
1;Timotheus;m;2
1;Zoi;w;2
1;Tino;m;2
1;Zoë;w;2
1;Tjorben;m;2
1;Zuri;w;2
1;Toma;m;2
1;Zury;w;2
1;Tommi;m;2
1;Zuzanna;w;2
1;Tomte;m;2
1;Zülal;w;2
1;Torkel;m;2
1;Çağla;w;2
1;Torsten;m;2
1;Öykü;w;2
1;Tuco;m;2
1;Ülkü;w;2
1;Turhan;m;2
1;Turky;m;2
1;Tyr;m;2
1;Tâm;m;2
1;Udo;m;2
1;Ulysses;m;2
1;Umaru;m;2
1;Uthman;m;2
1;Uve;m;2
1;Vasil'ovič;m;2
1;Vasilev;m;2
1;Vassilios;m;2
1;Veneciano;m;2
1;Victor;m;2
1;Vinzent;m;2
1;Vladislavovič;m;2
1;Waleed;m;2
1;Warren;m;2
1;Wieland;m;2
1;Wiktor;m;2
1;Wilfried;m;2
1;Willy;m;2
1;Winfred;m;2
1;Wojciech;m;2
1;Wolf;m;2
1;Xaver;m;2
1;Xiaoyi;m;2
1;Yankov;m;2
1;Yannis;m;2
1;Yasar;m;2
1;Yasiel;m;2
1;Yaw;m;2
1;Yi;m;2
1;Yigit;m;2
1;Yiğiter;m;2
1;Yoel;m;2
1;Yonas;m;2
1;Yosifov;m;2
1;Youssef;m;2
1;Yozdzhan;m;2
1;Yuan;m;2
1;Yuliyanov;m;2
1;Yunior;m;2
1;Yunus;m;2
1;Yussef;m;2
1;Yusuf;m;2
1;Yuzdzhan;m;2
1;Yves;m;2
1;Yücel;m;2
1;Zafer;m;2
1;Zahid;m;2
1;Zeonhei;m;2
1;Zeus;m;2
1;Zeyad;m;2
1;Zeyn;m;2
1;Zhivkov;m;2
1;Zhiyang;m;2
1;Ziad;m;2
1;Ziam;m;2
1;Zion;m;2
1;Ziyan;m;2
1;Zlatanov;m;2
1;Zoel;m;2
1;Zoev;m;2
1;Zülkarneyn;m;2
1;Ân;m;2
1;Çaner;m;2
1;Étienne;m;2
1;Özgür;m;2
1;Şenol;m;2
1;Aaliya-Aliza;w;1
1;Aava;w;1
1;Aayat;w;1
1;Abdoulie;w;1
1;Abeeha;w;1
1;Abera-Lara;w;1
1;Abigail;w;1
1;Adaeze;w;1
1;Adelin;w;1
1;Adina;w;1
1;Adjera;w;1
1;Afroditi;w;1
1;Agedea;w;1
1;Aaman;m;1
1;Ai;w;1
1;Aaron-Karl;m;1
1;Aika;w;1
1;Aaryansh;m;1
1;Aila;w;1
1;Aayan;m;1
1;Ailin;w;1
1;Aayansh;m;1
1;Aimee;w;1
1;Abdallah;m;1
1;Aimie;w;1
1;Abdalmalk;m;1
1;Aimée;w;1
1;Abdelkarim;m;1
1;Ainhoa;w;1
1;Abdessamad;m;1
1;Ainoa;w;1
1;Abdoul;m;1
1;Aishani;w;1
1;Abdoul-Djawad;m;1
1;Ajona;w;1
1;Abdourahman;m;1
1;Ajsela;w;1
1;Abdul;m;1
1;Akara;w;1
1;Abdulahi;m;1
1;Alaja;w;1
1;Abdulaziz;m;1
1;Alana;w;1
1;Abdulmuqeet;m;1
1;Alaya;w;1
1;Abdulrahman;m;1
1;Aleah;w;1
1;Abdulrasaq;m;1
1;Alejna;w;1
1;Abdurahman;m;1
1;Aleksandra;w;1
1;Abdurrahim;m;1
1;Aleksia;w;1
1;Abdurrahman;m;1
1;Alen;w;1
1;Abenieser;m;1
1;Alenia;w;1
1;Abiyan;m;1
1;Alesandra;w;1
1;Abkhaz;m;1
1;Alessandra;w;1
1;Achraf;m;1
1;Alessia-Stefania;w;1
1;Adar;m;1
1;Alesya-Dailin;w;1
1;Adeday;m;1
1;Alexsandra;w;1
1;Adel;m;1
1;Aleya;w;1
1;Adhithya;m;1
1;Aleyna-Emilia;w;1
1;Adian;m;1
1;Alica;w;1
1;Adis;m;1
1;Aliea;w;1
1;Aditya;m;1
1;Alimatou;w;1
1;Adriell;m;1
1;Alisha-Elisabeth;w;1
1;Adrien;m;1
1;Alitta;w;1
1;Adrijano;m;1
1;Aliye;w;1
1;Adrin;m;1
1;Aliza;w;1
1;Adriyan;m;1
1;Alja;w;1
1;Adrián;m;1
1;Almendra;w;1
1;Aeon;m;1
1;Almila;w;1
1;Aggelos;m;1
1;Almina;w;1
1;Agim;m;1
1;Alysia;w;1
1;Ahil;m;1
1;Alyssa;w;1
1;Ahimsa;m;1
1;Alâ;w;1
1;Aid;m;1
1;Amaia;w;1
1;Aidan;m;1
1;Amaira;w;1
1;Aidin;m;1
1;Amanawit;w;1
1;Aidl;m;1
1;Amari;w;1
1;Ailele;m;1
1;Amaris;w;1
1;Ajan;m;1
1;Amber;w;1
1;Akim;m;1
1;Amea;w;1
1;Akın;m;1
1;Amedeea;w;1
1;Akmar;m;1
1;Amely;w;1
1;Al-Amin;m;1
1;Ameni;w;1
1;Al-Hassan;m;1
1;Amila;w;1
1;Aland;m;1
1;Aminata;w;1
1;Alaz;m;1
1;Amrei;w;1
1;Alberto;m;1
1;Amy;w;1
1;Albin;m;1
1;Amàlia;w;1
1;Albion;m;1
1;Ana-Valentina;w;1
1;Alejandro;m;1
1;Anabela;w;1
1;Aleks;m;1
1;Anaeli;w;1
1;Aleksander;m;1
1;Anais;w;1
1;Aleksandr;m;1
1;Ananda;w;1
1;Alend;m;1
1;Ananya;w;1
1;Aleph;m;1
1;Anas;w;1
1;Aleyan;m;1
1;Anastasia-Elena;w;1
1;Alfa;m;1
1;Anastasiya;w;1
1;Alfie;m;1
1;Anastazja;w;1
1;Alia;m;1
1;Anaya;w;1
1;Alias;m;1
1;Anaïs;w;1
1;Alin;m;1
1;Andora;w;1
1;Alisson;m;1
1;Andrea;w;1
1;Alkan;m;1
1;Andriana;w;1
1;Allaith;m;1
1;Andrijana;w;1
1;Almamy;m;1
1;Andrika;w;1
1;Almir;m;1
1;Anelia;w;1
1;Almoustafa;m;1
1;Anelija;w;1
1;Alpay;m;1
1;Anelise;w;1
1;Alper;m;1
1;Angela;w;1
1;Alptekin;m;1
1;Anges;w;1
1;Altan;m;1
1;Anisha;w;1
1;Alvin;m;1
1;Anja;w;1
1;Amadeus;m;1
1;Ann;w;1
1;Amadou;m;1
1;Anna-Sophie;w;1
1;Amani;m;1
1;Annalena;w;1
1;Amaro;m;1
1;Annalina;w;1
1;Amedeo;m;1
1;Anneli;w;1
1;Amelius;m;1
1;Annelies;w;1
1;Amen;m;1
1;Annemarie;w;1
1;Amend;m;1
1;Anoush;w;1
1;Ametbaş;m;1
1;Anta;w;1
1;Amilio;m;1
1;Antigona;w;1
1;Amine;m;1
1;Antonie;w;1
1;Amirali;m;1
1;Anuuk;w;1
1;Amon;m;1
1;Anvi;w;1
1;Anakin;m;1
1;Apollina;w;1
1;Ando;m;1
1;April;w;1
1;Andreis;m;1
1;Araliya;w;1
1;Andrej;m;1
1;Arha;w;1
1;André;m;1
1;Ari;w;1
1;Angel;m;1
1;Aria-Atlana;w;1
1;Angelos;m;1
1;Ariella;w;1
1;Anil;m;1
1;Arilea;w;1
1;Anis;m;1
1;Arisa;w;1
1;Anointed;m;1
1;Arisara;w;1
1;Anse;m;1
1;Arleen;w;1
1;Antonios;m;1
1;Armita;w;1
1;Antonius;m;1
1;Arona;w;1
1;Anwit;m;1
1;Arsema;w;1
1;Anwuli;m;1
1;Arwen;w;1
1;Aous;m;1
1;Arîn;w;1
1;Arad;m;1
1;Aselya-Sara;w;1
1;Aran;m;1
1;Asemina;w;1
1;Arat;m;1
1;Asinat;w;1
1;Arcan;m;1
1;Aslı;w;1
1;Archie;m;1
1;Asmaa;w;1
1;Arda;m;1
1;Assibe;w;1
1;Arhan;m;1
1;Assil;w;1
1;Aria;m;1
1;Asta;w;1
1;Aric;m;1
1;Astrid;w;1
1;Arie;m;1
1;Asye;w;1
1;Arif;m;1
1;Athena;w;1
1;Arijan;m;1
1;Augusta;w;1
1;Arin;m;1
1;Aurelie;w;1
1;Ariyan;m;1
1;Aurelie-Angel;w;1
1;Ariyo;m;1
1;Aurelija;w;1
1;Arjan;m;1
1;Auri;w;1
1;Armando;m;1
1;Aurélie;w;1
1;Arnis;m;1
1;Avalie;w;1
1;Artin;m;1
1;Aveline;w;1
1;Arto;m;1
1;Avesta;w;1
1;Arvid;m;1
1;Avissa;w;1
1;Arwan;m;1
1;Avzem;w;1
1;Aryas;m;1
1;Awan;w;1
1;Asad;m;1
1;Awin;w;1
1;Ashanti;m;1
1;Ayah;w;1
1;Asif;m;1
1;Ayanah;w;1
1;Asim;m;1
1;Ayanna;w;1
1;Ata;m;1
1;Aycan;w;1
1;Atacan;m;1
1;Ayela;w;1
1;Atahan;m;1
1;Ayla-Ezelda;w;1
1;Atakan;m;1
1;Ayla-Marie;w;1
1;Ateş;m;1
1;Ayleen;w;1
1;Atilla;m;1
1;Aylen;w;1
1;Atlas;m;1
1;Ayna;w;1
1;Avid;m;1
1;Aysa;w;1
1;Awaab;m;1
1;Aysegül;w;1
1;Awras;m;1
1;Aysel;w;1
1;Ayan;m;1
1;Aysha;w;1
1;Ayas;m;1
1;Aysima;w;1
1;Ayaz-Deniz;m;1
1;Ayza;w;1
1;Aydoan;m;1
1;Azranur;w;1
1;Ayhan;m;1
1;Azura;w;1
1;Aykan;m;1
1;Bahri;w;1
1;Aykut;m;1
1;Baibun;w;1
1;Aylan;m;1
1;Bao;w;1
1;Ayoub;m;1
1;Baran;w;1
1;Ayub;m;1
1;Barin;w;1
1;Azar;m;1
1;Basmala;w;1
1;Azis;m;1
1;Bayan;w;1
1;Aziz;m;1
1;Begüm;w;1
1;Bahez;m;1
1;Belinay;w;1
1;Balaj;m;1
1;Beliz;w;1
1;Bandhu;m;1
1;Bennet;w;1
1;Barack;m;1
1;Bentje;w;1
1;Baran;m;1
1;Beraet;w;1
1;Bartosz;m;1
1;Berin;w;1
1;Basri;m;1
1;Berivan;w;1
1;Baturou;m;1
1;Bernadette;w;1
1;Bavin;m;1
1;Berry;w;1
1;Bayan;m;1
1;Bertha;w;1
1;Baybars;m;1
1;Berçem;w;1
1;Bazlael-Levent;m;1
1;Berîya;w;1
1;Beddy;m;1
1;Bethel;w;1
1;Behnam;m;1
1;Betsy;w;1
1;Bekham;m;1
1;Beverly;w;1
1;Bekir;m;1
1;Beyzanur;w;1
1;Belal;m;1
1;Bezawit;w;1
1;Bence;m;1
1;Bihter;w;1
1;Benedito;m;1
1;Bilge;w;1
1;Bennett;m;1
1;Billie;w;1
1;Bent;m;1
1;Bircan;w;1
1;Benyamin;m;1
1;Birka;w;1
1;Benz;m;1
1;Bisan;w;1
1;Berat;m;1
1;Biserka;w;1
1;Berken;m;1
1;Bitanya;w;1
1;Bernado;m;1
1;Bithania;w;1
1;Beyazit;m;1
1;Blanca;w;1
1;Biday;m;1
1;Bora;w;1
1;Biko;m;1
1;Briana;w;1
1;Birhat;m;1
1;Bélle;w;1
1;Birk;m;1
1;Bảo;w;1
1;Björn;m;1
1;Calea;w;1
1;Bo;m;1
1;Cali;w;1
1;Bode;m;1
1;Calypso;w;1
1;Bogdan;m;1
1;Camila;w;1
1;Bojan;m;1
1;Camille;w;1
1;Bosse;m;1
1;Cana;w;1
1;Brady;m;1
1;Candice;w;1
1;Brahim;m;1
1;Cara;w;1
1;Brajan;m;1
1;Carina;w;1
1;Branko;m;1
1;Carlie;w;1
1;Brayden;m;1
1;Carmen;w;1
1;Brooklyn;m;1
1;Caroline;w;1
1;Burkay;m;1
1;Catharina;w;1
1;Bâki;m;1
1;Cathy;w;1
1;Bêjan;m;1
1;Cecily;w;1
1;Caleb;m;1
1;Celin;w;1
1;Calixte;m;1
1;Cennet;w;1
1;Calogero;m;1
1;Cerasela;w;1
1;Calvin;m;1
1;Ceren;w;1
1;Camaro;m;1
1;Ceyda;w;1
1;Camillo;m;1
1;Ceyda-Gülten;w;1
1;Carl-Benjamin;m;1
1;Ceylan;w;1
1;Casimir;m;1
1;Chaltu;w;1
1;Cassian;m;1
1;Chariklia;w;1
1;Cassian-Mihai;m;1
1;Charlie;w;1
1;Cassius;m;1
1;Charlize;w;1
1;Cayleb;m;1
1;Charlotte-Mathilda;w;1
1;Cebrail;m;1
1;Chelsea;w;1
1;Cedrick;m;1
1;Chiara-Lia;w;1
1;Cenk;m;1
1;Chidima;w;1
1;Cesur;m;1
1;Chinyere;w;1
1;Cevat;m;1
1;Chisom;w;1
1;Cham;m;1
1;Chloe;w;1
1;Charbel;m;1
1;Chuqin;w;1
1;Chase;m;1
1;Ciara;w;1
1;Cheikh-Mohamed;m;1
1;Cina;w;1
1;Chris;m;1
1;Claire;w;1
1;Christian-Massimo;m;1
1;Clara-Marie;w;1
1;Christoher;m;1
1;Claudia;w;1
1;Christoph;m;1
1;Clea-Malie;w;1
1;Chukwuebuka;m;1
1;Clementine;w;1
1;Ciel;m;1
1;Clementyn;w;1
1;Cinar;m;1
1;Cléa;w;1
1;Claas;m;1
1;Constance;w;1
1;Cleo;m;1
1;Constanze;w;1
1;Clément;m;1
1;Cornelia;w;1
1;Conner;m;1
1;Cyra;w;1
1;Connor;m;1
1;Cyrine;w;1
1;Conor;m;1
1;Cäcilie;w;1
1;Corvin;m;1
1;Céleste;w;1
1;Corwin;m;1
1;Dahab;w;1
1;Cosimo;m;1
1;Dajla;w;1
1;Cosmo;m;1
1;Dalaa;w;1
1;Cristiano;m;1
1;Dalia-Jasmin;w;1
1;Cruz;m;1
1;Dalijah-Yael;w;1
1;Cuinn;m;1
1;Damla;w;1
1;Curt;m;1
1;Danja;w;1
1;Dailan;m;1
1;Danyah;w;1
1;Daniele;m;1
1;Darin;w;1
1;Danila;m;1
1;Davina;w;1
1;Danis;m;1
1;Dawa;w;1
1;Danny;m;1
1;Dayana;w;1
1;Dante;m;1
1;Deena;w;1
1;Daris;m;1
1;Deewa;w;1
1;Daron;m;1
1;Dela;w;1
1;Daryan-Rocco;m;1
1;Delhin;w;1
1;Davi;m;1
1;Deliha;w;1
1;Davis;m;1
1;Delina;w;1
1;Davut;m;1
1;Delsos;w;1
1;Dawid;m;1
1;Delvin;w;1
1;Dawood;m;1
1;Delwin;w;1
1;Daylon;m;1
1;Denisa;w;1
1;Dayyan;m;1
1;Denise;w;1
1;Deivit;m;1
1;Deniz;w;1
1;Dejan;m;1
1;Derin-Lina;w;1
1;Dejn;m;1
1;Desdina;w;1
1;Delhat;m;1
1;Diane;w;1
1;Delian;m;1
1;Diara;w;1
1;Delschad;m;1
1;Dimitra;w;1
1;Demiran;m;1
1;Diona;w;1
1;Demirhan;m;1
1;Divine;w;1
1;Denian;m;1
1;Djaliyah;w;1
1;Dennys;m;1
1;Djenabou;w;1
1;Denver;m;1
1;Djiaty;w;1
1;Desire;m;1
1;Doa;w;1
1;Desmond;m;1
1;Docia;w;1
1;Devansh;m;1
1;Donata;w;1
1;Devrim;m;1
1;Doris;w;1
1;Diegio;m;1
1;Dorotea;w;1
1;Dieu;m;1
1;Duaa;w;1
1;Dilan;m;1
1;Dunya;w;1
1;Diljan;m;1
1;Dyuthi;w;1
1;Dilyar;m;1
1;Ebba;w;1
1;Dima;m;1
1;Ebrar;w;1
1;Dimitar;m;1
1;Ece;w;1
1;Dimitris;m;1
1;Edea;w;1
1;Dimo;m;1
1;Edessa;w;1
1;Din;m;1
1;Edi;w;1
1;Dinis;m;1
1;Edna;w;1
1;Dino;m;1
1;Effi;w;1
1;Dionysis;m;1
1;Effie;w;1
1;Dior;m;1
1;Efna;w;1
1;Diyo;m;1
1;Ege;w;1
1;Django;m;1
1;Eila;w;1
1;Djimon;m;1
1;Elaida;w;1
1;Dlsher;m;1
1;Elana;w;1
1;Dohan;m;1
1;Elanor;w;1
1;Domenic;m;1
1;Elanur;w;1
1;Domenico;m;1
1;Elasu;w;1
1;Doruk;m;1
1;Eldana;w;1
1;Drago;m;1
1;Elen;w;1
1;Dyon;m;1
1;Elenora;w;1
1;Ebubekir;m;1
1;Eleonore;w;1
1;Ecrin;m;1
1;Eleya;w;1
1;Eddy;m;1
1;Eleyna;w;1
1;Ede;m;1
1;Elfie;w;1
1;Eden;m;1
1;Elide;w;1
1;Eden-Amari;m;1
1;Elifnur;w;1
1;Edenn;m;1
1;Elifsu;w;1
1;Edian;m;1
1;Eliliana;w;1
1;Edon;m;1
1;Eliora;w;1
1;Edotohan;m;1
1;Elis;w;1
1;Edvard;m;1
1;Elisabeta;w;1
1;Edwin;m;1
1;Elisabetha;w;1
1;Efedzhan;m;1
1;Eliyana;w;1
1;Efekaan;m;1
1;Eliz;w;1
1;Efekan;m;1
1;Elizan;w;1
1;Efstathios;m;1
1;Elizya;w;1
1;Egecan;m;1
1;Ellis;w;1
1;Ehaan;m;1
1;Elma;w;1
1;Eidan;m;1
1;Elody;w;1
1;Ekamjot;m;1
1;Elora;w;1
1;Ekfador;m;1
1;Else-Linde;w;1
1;Ekin;m;1
1;Elsie;w;1
1;Ekuran;m;1
1;Elvana;w;1
1;Elan;m;1
1;Elya;w;1
1;Eldi;m;1
1;Elza;w;1
1;Eli;m;1
1;Eléanore;w;1
1;Eliano;m;1
1;Emaan;w;1
1;Elijas;m;1
1;Emeli;w;1
1;Elikya;m;1
1;Emelia;w;1
1;Elion;m;1
1;Emilia-Leora;w;1
1;Elisei-Ionatan;m;1
1;Emiliana;w;1
1;Eljano;m;1
1;Emilija;w;1
1;Elmedin;m;1
1;Emiliya;w;1
1;Eloan;m;1
1;Emly;w;1
1;Elvis;m;1
1;Emma-Sophie;w;1
1;Elyes;m;1
1;Emmah;w;1
1;Emad;m;1
1;Emmelina;w;1
1;Eman;m;1
1;Emmi-Claire;w;1
1;Emanuel;m;1
1;Emmilou;w;1
1;Emiliano;m;1
1;Enea;w;1
1;Emilijan;m;1
1;Enguun;w;1
1;Emilio-Ramon;m;1
1;Enise;w;1
1;Emilió;m;1
1;Ennie;w;1
1;Emillian;m;1
1;Enny;w;1
1;Emily;m;1
1;Enya;w;1
1;Emirhan;m;1
1;Era;w;1
1;Emmanoel;m;1
1;Erdita;w;1
1;Emmett;m;1
1;Erina;w;1
1;Emran;m;1
1;Errong;w;1
1;Emíl;m;1
1;Esamoela;w;1
1;Enam;m;1
1;Ese;w;1
1;Engin;m;1
1;Eshaal;w;1
1;Enis;m;1
1;Eske;w;1
1;Enrico;m;1
1;Eslim;w;1
1;Enrik;m;1
1;Esmanur;w;1
1;Ensar;m;1
1;Estelle;w;1
1;Entoni;m;1
1;Ester;w;1
1;Enzo;m;1
1;Euphemia;w;1
1;Eoin;m;1
1;Evelyne;w;1
1;Erdet;m;1
1;Evgenia;w;1
1;Erdoğan;m;1
1;Evi;w;1
1;Erel;m;1
1;Evie;w;1
1;Ergün;m;1
1;Evlyn;w;1
1;Erim;m;1
1;Ewelina;w;1
1;Erjon;m;1
1;Ezinne;w;1
1;Ermin;m;1
1;Fadila;w;1
1;Ermo;m;1
1;Faiza;w;1
1;Ermuun;m;1
1;Falak;w;1
1;Ernst;m;1
1;Farha;w;1
1;Esaia;m;1
1;Fatime;w;1
1;Esra;m;1
1;Fatma-Nisa;w;1
1;Essar;m;1
1;Fatou;w;1
1;Esteban;m;1
1;Fatoumata;w;1
1;Etienne;m;1
1;Favour;w;1
1;Etonam;m;1
1;Faye;w;1
1;Evan;m;1
1;Fayola;w;1
1;Even;m;1
1;Fayza;w;1
1;Evran;m;1
1;Fearne;w;1
1;Evren;m;1
1;Federica;w;1
1;Eyob;m;1
1;Fee;w;1
1;Eyyub;m;1
1;Feenja;w;1
1;Eyüp;m;1
1;Feli;w;1
1;Fabrice;m;1
1;Felice;w;1
1;Fabricio;m;1
1;Felina;w;1
1;Fahad;m;1
1;Femi;w;1
1;Fahhed;m;1
1;Femke;w;1
1;Fahrettin;m;1
1;Fendi;w;1
1;Farez;m;1
1;Feriha;w;1
1;Farid;m;1
1;Feyza;w;1
1;Fatehveer;m;1
1;Fina;w;1
1;Fatjon;m;1
1;Fine;w;1
1;Fausto;m;1
1;Finja-Sophie;w;1
1;Ferat;m;1
1;Firdaous;w;1
1;Ferman;m;1
1;Flavie;w;1
1;Ferran;m;1
1;Fleur;w;1
1;Ferris;m;1
1;Florence;w;1
1;Feyyaz;m;1
1;Franceska;w;1
1;Fidel;m;1
1;Franzis;w;1
1;Fikret;m;1
1;Freshta;w;1
1;Filian;m;1
1;Fria;w;1
1;Filimon;m;1
1;Friederike;w;1
1;Filipe;m;1
1;Fynja;w;1
1;Filippos;m;1
1;Gabriela;w;1
1;Fill;m;1
1;Gabriella-Aurelia;w;1
1;Fin;m;1
1;Gada;w;1
1;Finias;m;1
1;Gelila;w;1
1;Finley-Maxim;m;1
1;Gemma;w;1
1;Finn-Emilio;m;1
1;Genesa;w;1
1;Finn-Luca;m;1
1;Georgia;w;1
1;Fiodor;m;1
1;Georgina;w;1
1;Fiorenzo;m;1
1;Giana;w;1
1;Flinn;m;1
1;Gianna;w;1
1;Florin;m;1
1;Ginevra;w;1
1;Flynn;m;1
1;Giuliano;w;1
1;Franciszek;m;1
1;Giusi;w;1
1;Franjo;m;1
1;Glenda;w;1
1;Fred;m;1
1;Glory;w;1
1;Freddie;m;1
1;Gospava;w;1
1;Frederick;m;1
1;Greta-Sophie;w;1
1;Freedom;m;1
1;Gréta;w;1
1;Frey;m;1
1;Guiliana;w;1
1;Front;m;1
1;Gulshen;w;1
1;Fuat;m;1
1;Gurman;w;1
1;Furat;m;1
1;Gwen;w;1
1;Fynan;m;1
1;Gönül;w;1
1;Fábio;m;1
1;Gül;w;1
1;Félix;m;1
1;Gülay;w;1
1;Gabriel-Ciro;m;1
1;Güneş;w;1
1;Gabriele;m;1
1;Hadeel;w;1
1;Gaetano;m;1
1;Hafeza;w;1
1;Galin;m;1
1;Haffsa-Arij;w;1
1;Genesis;m;1
1;Hafize;w;1
1;Georg;m;1
1;Halbast;w;1
1;George;m;1
1;Halima;w;1
1;Gero;m;1
1;Halime;w;1
1;Gian;m;1
1;Halisa;w;1
1;Gianfranco;m;1
1;Handa;w;1
1;Gino;m;1
1;Haniya;w;1
1;Gioacchino;m;1
1;Hanne;w;1
1;Giordano;m;1
1;Hanni;w;1
1;Giosué-Elia;m;1
1;Haomiao;w;1
1;Giulien;m;1
1;Hariklia;w;1
1;Gjon;m;1
1;Harnimat;w;1
1;Glauk;m;1
1;Harper;w;1
1;Gleb;m;1
1;Hasibe;w;1
1;Gowtham;m;1
1;Hatice;w;1
1;Greatness;m;1
1;Hayes;w;1
1;Gregor;m;1
1;Haylee;w;1
1;Gunnar;m;1
1;Hazra;w;1
1;Guntaj;m;1
1;Heidi;w;1
1;Gurveer;m;1
1;Hema;w;1
1;Gustaf;m;1
1;Hena;w;1
1;Gylve;m;1
1;Henni;w;1
1;Gökalp;m;1
1;Henrietta;w;1
1;Gökay;m;1
1;Hermela;w;1
1;Güray;m;1
1;Hermine;w;1
1;Habib;m;1
1;Hevi;w;1
1;Hadi;m;1
1;Hevin;w;1
1;Hakan;m;1
1;Hiba;w;1
1;Hakar;m;1
1;Hidajeta;w;1
1;Hakeem;m;1
1;Hifa;w;1
1;Halil;m;1
1;Hina;w;1
1;Halit;m;1
1;Hiyabel;w;1
1;Hamid;m;1
1;Hiyori;w;1
1;Hamitalp;m;1
1;Hoda;w;1
1;Hamno;m;1
1;Hooriya;w;1
1;Hano;m;1
1;Hope;w;1
1;Hans;m;1
1;Hoyam;w;1
1;Haoyang;m;1
1;Hoàng;w;1
1;Haran;m;1
1;Humayra;w;1
1;Haris;m;1
1;Humeyra;w;1
1;Harjas;m;1
1;Husna;w;1
1;Harlyn;m;1
1;Hêvîya;w;1
1;Harman;m;1
1;Hüma;w;1
1;Haroun;m;1
1;Iana;w;1
1;Hassan;m;1
1;Iga;w;1
1;Hayko;m;1
1;Ilef;w;1
1;Haytam;m;1
1;Ilenia;w;1
1;Hayyan;m;1
1;Iliana;w;1
1;Hazrat;m;1
1;Ilinca;w;1
1;Hebil;m;1
1;Ilira;w;1
1;Hemen;m;1
1;Ilisha;w;1
1;Henje;m;1
1;Iljana;w;1
1;Henos;m;1
1;Ilma;w;1
1;Hiro;m;1
1;Ilsa;w;1
1;Hiwa;m;1
1;Ilsu;w;1
1;Honer;m;1
1;Ilvie;w;1
1;Hossein;m;1
1;Imane;w;1
1;Hozan;m;1
1;Imilia;w;1
1;Hubab;m;1
1;Inci;w;1
1;Huntley;m;1
1;Ingrid;w;1
1;Husna;m;1
1;Insa;w;1
1;Hüseyin;m;1
1;Ioana;w;1
1;Iacob;m;1
1;Ioanna;w;1
1;Iakob;m;1
1;Iraida;w;1
1;Ibragim;m;1
1;İrem;w;1
1;Ibrahima;m;1
1;Isabela;w;1
1;Ibuki;m;1
1;Isabella-Sophie;w;1
1;Idhanth;m;1
1;Iside;w;1
1;Ignjat;m;1
1;Isilay;w;1
1;Ihab;m;1
1;Ismini;w;1
1;Ihsan;m;1
1;Issa;w;1
1;Ilai;m;1
1;Issra;w;1
1;Ilario;m;1
1;Issraa;w;1
1;Ilija;m;1
1;Itohan;w;1
1;Ilijas;m;1
1;Ivana;w;1
1;Illian;m;1
1;Izabel;w;1
1;Ilya;m;1
1;Jaane;w;1
1;Imaan;m;1
1;Jade;w;1
1;Imilio;m;1
1;Jahya;w;1
1;Imran;m;1
1;Jale;w;1
1;Innocent;m;1
1;Jalea;w;1
1;Ino;m;1
1;Jalina;w;1
1;Ioannis;m;1
1;Janelle;w;1
1;Ionnis;m;1
1;Janne;w;1
1;Isaac;m;1
1;Jasemí;w;1
1;Isaak;m;1
1;Jayda-Eylem;w;1
1;Isah;m;1
1;Jaziba;w;1
1;Ishaan;m;1
1;Jaëlle;w;1
1;Ishaq;m;1
1;Jedida;w;1
1;Isidor;m;1
1;Jele;w;1
1;Ismael;m;1
1;Jelena;w;1
1;Ismayil;m;1
1;Jelisaveta;w;1
1;İsmet;m;1
1;Jenna;w;1
1;Issam;m;1
1;Jessa;w;1
1;Istref;m;1
1;Jessica;w;1
1;Ivar;m;1
1;Jessie;w;1
1;Ivica;m;1
1;Jinda;w;1
1;Ivica-Maximilian;m;1
1;Jiyan;w;1
1;Iyan;m;1
1;Joa;w;1
1;Iyas;m;1
1;Joana;w;1
1;Izan;m;1
1;Jocelyn;w;1
1;Jace;m;1
1;Joda;w;1
1;Jacopo;m;1
1;Joelina;w;1
1;Jahmane;m;1
1;Jolin;w;1
1;Jamaro;m;1
1;Jolina-Marie;w;1
1;Jamiro;m;1
1;Josann;w;1
1;Jamye;m;1
1;Josefin;w;1
1;Jamyl;m;1
1;Josefina;w;1
1;Janar;m;1
1;Josepha;w;1
1;Janik;m;1
1;Josephin;w;1
1;Janney;m;1
1;Josha;w;1
1;Jannick;m;1
1;Joyce;w;1
1;Janoah;m;1
1;Judy;w;1
1;Janosch-Peter;m;1
1;Juliana;w;1
1;Janosh;m;1
1;Juliane;w;1
1;Janus;m;1
1;Julie-Margó;w;1
1;Jaoudate;m;1
1;Julienne;w;1
1;Jardel;m;1
1;June;w;1
1;Jarle;m;1
1;Justina;w;1
1;Jasman;m;1
1;Kadence;w;1
1;Jaysen;m;1
1;Kaila;w;1
1;Jean-Luc;m;1
1;Kalina;w;1
1;Jean-Philippe;m;1
1;Kalinka;w;1
1;Jeffery;m;1
1;Kalotta;w;1
1;Jeffrey;m;1
1;Kamilla;w;1
1;Jelte;m;1
1;Kani;w;1
1;Jenke;m;1
1;Karla-Sophie;w;1
1;Jeppe;m;1
1;Karlie;w;1
1;Jeremy;m;1
1;Karolina;w;1
1;Jermain;m;1
1;Karoline;w;1
1;Jerome;m;1
1;Kasandra;w;1
1;Jerry;m;1
1;Kati;w;1
1;Jesper;m;1
1;Katja;w;1
1;Jesraiel;m;1
1;Katrin;w;1
1;Jibrael;m;1
1;Kea;w;1
1;Jibril;m;1
1;Kehlani;w;1
1;Jiyan;m;1
1;Keira;w;1
1;Jo;m;1
1;Keke;w;1
1;Joan;m;1
1;Kekeli;w;1
1;Joel-Ricardo;m;1
1;Kellie;w;1
1;Jondo;m;1
1;Kelly;w;1
1;Jonnie;m;1
1;Kenaya;w;1
1;Jonny;m;1
1;Kezia;w;1
1;Joon;m;1
1;Khloe;w;1
1;Jore;m;1
1;Kiana;w;1
1;Jorel;m;1
1;Kijana;w;1
1;Jori;m;1
1;Kimberly;w;1
1;Jos;m;1
1;Kimeta;w;1
1;Josch;m;1
1;Kimi;w;1
1;Joseph;m;1
1;Kinenla;w;1
1;Josha;m;1
1;Kirah;w;1
1;Joshũa;m;1
1;Kiyara;w;1
1;Joss;m;1
1;Kleo;w;1
1;Jost;m;1
1;Kosma;w;1
1;Josua;m;1
1;Kristijana;w;1
1;Jovan;m;1
1;Kristin;w;1
1;Jovin;m;1
1;Kristina;w;1
1;Juan;m;1
1;Ksenia;w;1
1;Jul;m;1
1;Kumru;w;1
1;Juls;m;1
1;Kylie;w;1
1;Junayd;m;1
1;Kübra;w;1
1;Juno;m;1
1;Laarnie;w;1
1;Junus;m;1
1;Labiba;w;1
1;Jurin;m;1
1;Ladisha;w;1
1;Jusef;m;1
1;Laelia;w;1
1;Justin;m;1
1;Laetitia;w;1
1;János;m;1
1;Lahja;w;1
1;Jérémy;m;1
1;Lale;w;1
1;Jérôme;m;1
1;Lamina;w;1
1;Jóhann;m;1
1;Lanea;w;1
1;Kabiel;m;1
1;Lara-Milena;w;1
1;Kadir;m;1
1;Laraib;w;1
1;Kadr;m;1
1;Larin;w;1
1;Kais;m;1
1;Latifa;w;1
1;Kaivalya;m;1
1;Laurena;w;1
1;Kalro;m;1
1;Lava;w;1
1;Karamveer;m;1
1;Laven;w;1
1;Karanfil;m;1
1;Lavienne;w;1
1;Karlo-Alexander;m;1
1;Lavya;w;1
1;Karmel;m;1
1;Laya;w;1
1;Karthigan;m;1
1;Leahna;w;1
1;Kasım;m;1
1;Leanda;w;1
1;Kasper;m;1
1;Leann;w;1
1;Kassem;m;1
1;Leen;w;1
1;Katja;m;1
1;Leeya;w;1
1;Kay;m;1
1;Leilani;w;1
1;Kaya;m;1
1;Lela;w;1
1;Kayahan;m;1
1;Lemis;w;1
1;Kayden;m;1
1;Lennja;w;1
1;Kayo;m;1
1;Leonor;w;1
1;Kazuki;m;1
1;Leticia;w;1
1;Kean;m;1
1;Letizia;w;1
1;Keegan;m;1
1;Letizia-Maria;w;1
1;Keev;m;1
1;Levina;w;1
1;Kelvin;m;1
1;Leya;w;1
1;Kemsi;m;1
1;Leyna;w;1
1;Kenan-Can;m;1
1;Lia-Marie;w;1
1;Kenzo;m;1
1;Lian;w;1
1;Kerim;m;1
1;Liandra;w;1
1;Kiaan;m;1
1;Lidia;w;1
1;Kiran;m;1
1;Liel;w;1
1;Kivanc;m;1
1;Lienne;w;1
1;Klaas;m;1
1;Liev;w;1
1;Klemens;m;1
1;Lijana;w;1
1;Knud;m;1
1;Lika;w;1
1;Knut;m;1
1;Lila;w;1
1;Koray;m;1
1;Lilaf;w;1
1;Korel;m;1
1;Lilav;w;1
1;Kousay;m;1
1;Lilija;w;1
1;Kris;m;1
1;Lilli-Amalia;w;1
1;Krishna;m;1
1;Lillian;w;1
1;Ksaweryn;m;1
1;Lilya;w;1
1;Kuba;m;1
1;Lilyana;w;1
1;Kubilay;m;1
1;Line;w;1
1;Kuno;m;1
1;Linea;w;1
1;Kurosch;m;1
1;Lioba;w;1
1;Kutay;m;1
1;Liona;w;1
1;Kuzma;m;1
1;Lisa-Marie;w;1
1;Kürşad;m;1
1;Lisanna;w;1
1;Lachlan;m;1
1;Lisanne;w;1
1;Laith;m;1
1;Lisbeth;w;1
1;Lambros;m;1
1;Lise;w;1
1;Lamin;m;1
1;Liselotte;w;1
1;Lando;m;1
1;Lissy;w;1
1;Lars-Erik;m;1
1;Livie;w;1
1;Latif;m;1
1;Liya-Dua;w;1
1;Lauan;m;1
1;Liyah-Hayat;w;1
1;Laurenz;m;1
1;Liz;w;1
1;Laurin;m;1
1;Lojayn;w;1
1;Lauris;m;1
1;Loki;w;1
1;Lavand;m;1
1;Lone;w;1
1;Lazar;m;1
1;Loni;w;1
1;Lazlo;m;1
1;Lonia;w;1
1;Leant;m;1
1;Lonni;w;1
1;Leańo;m;1
1;Loona;w;1
1;Leevi;m;1
1;Lora;w;1
1;Lehat;m;1
1;Lordina;w;1
1;Lejs;m;1
1;Loredana;w;1
1;Lennet;m;1
1;Lorîn;w;1
1;Lenni;m;1
1;Lou-Ann;w;1
1;Lennik;m;1
1;Louane;w;1
1;Lennon;m;1
1;Loui;w;1
1;Leno;m;1
1;Lova;w;1
1;Lenox;m;1
1;Lovis;w;1
1;Leonel;m;1
1;Loya;w;1
1;Leonhardt;m;1
1;Lu;w;1
1;Leonie;m;1
1;Lucienne;w;1
1;Leonigio;m;1
1;Lucille;w;1
1;Leonik;m;1
1;Lucy-Lou;w;1
1;Leopoldo;m;1
1;Lulou;w;1
1;Leroy;m;1
1;Lumi;w;1
1;Leroy-Lyon;m;1
1;Luna-Marielle;w;1
1;Lerry;m;1
1;Luvina;w;1
1;Leshan;m;1
1;Luzia;w;1
1;Leto;m;1
1;Luzina;w;1
1;Leven;m;1
1;Lyn;w;1
1;Levente;m;1
1;Lyna;w;1
1;Levijon;m;1
1;Léanne;w;1
1;Levio;m;1
1;Lönna;w;1
1;Lewi;m;1
1;Mabelle;w;1
1;Lewin;m;1
1;Madelaine;w;1
1;Lewis;m;1
1;Madina;w;1
1;Leyan;m;1
1;Madleine;w;1
1;Leyan-Deniz;m;1
1;Madlyn;w;1
1;Liko;m;1
1;Maedot;w;1
1;Linas;m;1
1;Magalie;w;1
1;Lior;m;1
1;Mahana;w;1
1;Liou;m;1
1;Maherzia;w;1
1;Lión;m;1
1;Mahina;w;1
1;Loki;m;1
1;Mahya;w;1
1;Lorens;m;1
1;Maike;w;1
1;Loris;m;1
1;Maknuna;w;1
1;Loui;m;1
1;Mala;w;1
1;Louis-Emanuel;m;1
1;Malas;w;1
1;Louka;m;1
1;Maleen;w;1
1;Lovre;m;1
1;Maliah;w;1
1;Luai;m;1
1;Malika;w;1
1;Luano;m;1
1;Maloucina;w;1
1;Luc;m;1
1;Maly;w;1
1;Luel;m;1
1;Mana;w;1
1;Luigi;m;1
1;Manifest;w;1
1;Luitwin;m;1
1;Manissa;w;1
1;Luiz;m;1
1;Maralmaa;w;1
1;Lunis;m;1
1;Maram;w;1
1;Luuk;m;1
1;Maramawit;w;1
1;Lyam;m;1
1;Maranata;w;1
1;Lyes-Amin;m;1
1;Marcella;w;1
1;Lázaro;m;1
1;Marcy;w;1
1;Léo;m;1
1;Margaretha;w;1
1;Lê;m;1
1;Mari;w;1
1;Madieu;m;1
1;Maria-Luisa;w;1
1;Mahamadou;m;1
1;Mariana;w;1
1;Mahan;m;1
1;Marianne;w;1
1;Mahdi;m;1
1;Marie-Louise;w;1
1;Maik;m;1
1;Marie-Luise;w;1
1;Maikel;m;1
1;Marieke;w;1
1;Makan;m;1
1;Marielle;w;1
1;Maksym;m;1
1;Marija;w;1
1;Malek;m;1
1;Marika;w;1
1;Mali;m;1
1;Marike;w;1
1;Malick;m;1
1;Marilena;w;1
1;Malik-Aboubakar;m;1
1;Marilou;w;1
1;Malik-Jamal;m;1
1;Marilyn;w;1
1;Malin;m;1
1;Marilú;w;1
1;Malio;m;1
1;Mariola;w;1
1;Malo;m;1
1;Marisa;w;1
1;Malu;m;1
1;Marit;w;1
1;Mani;m;1
1;Marja;w;1
1;Manraj;m;1
1;Marlen;w;1
1;Manya;m;1
1;Marli;w;1
1;Mara;m;1
1;Marli-Lynn;w;1
1;Marcellino;m;1
1;Marlén;w;1
1;Marcello;m;1
1;Maron;w;1
1;Marcelo;m;1
1;Marysol;w;1
1;Marin;m;1
1;Masamutu;w;1
1;Marino;m;1
1;Maseda;w;1
1;Marlow;m;1
1;Masha;w;1
1;Marouan;m;1
1;Matea;w;1
1;Marsel;m;1
1;Matilde;w;1
1;Mart;m;1
1;Mattea;w;1
1;Martino;m;1
1;Mavie;w;1
1;Marty;m;1
1;Mawiga;w;1
1;Marvellous;m;1
1;Mawunyo;w;1
1;Marwan;m;1
1;Maxie;w;1
1;Masih;m;1
1;Maxima;w;1
1;Massimiliano;m;1
1;May;w;1
1;Mateu;m;1
1;Maya-Kiara;w;1
1;Mateus;m;1
1;Mayari;w;1
1;Mateusz;m;1
1;Mayleen;w;1
1;Mathieu;m;1
1;Maylin-Shari;w;1
1;Matteo-Elias;m;1
1;Maëlla;w;1
1;Matthew;m;1
1;Medea;w;1
1;Matty;m;1
1;Medeea;w;1
1;Matviy;m;1
1;Mehar;w;1
1;Mauricio;m;1
1;Mehriban;w;1
1;Maximillian;m;1
1;Mehriya;w;1
1;Maxwell;m;1
1;Mei;w;1
1;Mayar;m;1
1;Mejrem;w;1
1;Mazen;m;1
1;Mela;w;1
1;Mehrab;m;1
1;Melat;w;1
1;Meikel;m;1
1;Melek-Aggeliki;w;1
1;Melvin;m;1
1;Melia;w;1
1;Meo;m;1
1;Melika;w;1
1;Mero;m;1
1;Melin;w;1
1;Mert-Efe;m;1
1;Melodi;w;1
1;Messiah;m;1
1;Melodie;w;1
1;Metehan;m;1
1;Meltem;w;1
1;Michaell;m;1
1;Menese;w;1
1;Michele;m;1
1;Meral;w;1
1;Mielab;m;1
1;Mercy;w;1
1;Mihai;m;1
1;Merijem;w;1
1;Mihajlo;m;1
1;Merilla;w;1
1;Mikan;m;1
1;Meryem-Liya;w;1
1;Mikkel;m;1
1;Meta;w;1
1;Milad;m;1
1;Mevanur;w;1
1;Milan-Julianus;m;1
1;Mevlana;w;1
1;Milano;m;1
1;Meya;w;1
1;Miljan;m;1
1;Mia-Jolie;w;1
1;Milon;m;1
1;Mia-Sophia;w;1
1;Milow;m;1
1;Micah-Gradie;w;1
1;Milú;m;1
1;Michalina;w;1
1;Minkail;m;1
1;Midia;w;1
1;Mirali;m;1
1;Mihail;w;1
1;Miras;m;1
1;Mihra;w;1
1;Miron;m;1
1;Mihriban;w;1
1;Miroslaw;m;1
1;Mihrimah;w;1
1;Mirwas;m;1
1;Mila-Joline;w;1
1;Mirzan;m;1
1;Milagros;w;1
1;Mitan;m;1
1;Milania;w;1
1;Mitja;m;1
1;Milay;w;1
1;Modou;m;1
1;Miley;w;1
1;Mohan;m;1
1;Mileyna;w;1
1;Moheb;m;1
1;Milia;w;1
1;Mounir;m;1
1;Milinda;w;1
1;Moussa;m;1
1;Milou;w;1
1;Muaad;m;1
1;Mine;w;1
1;Mubarak;m;1
1;Minou;w;1
1;Muhamad;m;1
1;Minu;w;1
1;Muhammad-Ali;m;1
1;Mira-Sara;w;1
1;Muhammet;m;1
1;Mirabel;w;1
1;Muhammet-Baran;m;1
1;Miral;w;1
1;Muhsin;m;1
1;Miranda;w;1
1;Murat;m;1
1;Mirja;w;1
1;Musap;m;1
1;Mitra;w;1
1;Mylo;m;1
1;Moira;w;1
1;Márk;m;1
1;Mollie;w;1
1;Naeem;m;1
1;Monalisa;w;1
1;Naksh;m;1
1;Monika;w;1
1;Nalu;m;1
1;Morena;w;1
1;Namik;m;1
1;Moriella;w;1
1;Narinder;m;1
1;Mouhsina;w;1
1;Nate;m;1
1;Muhammed;w;1
1;Nathanaël-Yoram;m;1
1;Muna;w;1
1;Naël;m;1
1;Mía;w;1
1;Nechelson;m;1
1;Mădălina;w;1
1;Necip;m;1
1;Naala;w;1
1;Neco;m;1
1;Nada;w;1
1;Neitas;m;1
1;Nadine;w;1
1;Neldi;m;1
1;Naemi;w;1
1;Nermin;m;1
1;Nafas;w;1
1;Nethan;m;1
1;Nafissatou;w;1
1;Nevfel;m;1
1;Nahla;w;1
1;Nezir;m;1
1;Nailah;w;1
1;Ngoc;m;1
1;Nala-Kamaly;w;1
1;Nic;m;1
1;Nalin;w;1
1;Nicolae;m;1
1;Namika;w;1
1;Nicolasn;m;1
1;Nancy;w;1
1;Nicolay;m;1
1;Nanda;w;1
1;Niels;m;1
1;Nantenin;w;1
1;Niema;m;1
1;Naoko;w;1
1;Nihaal;m;1
1;Nari;w;1
1;Nihad;m;1
1;Nasrin;w;1
1;Nihat;m;1
1;Natalina;w;1
1;Nik;m;1
1;Nathalie;w;1
1;Nikan;m;1
1;Navishka;w;1
1;Nikias;m;1
1;Nayeli;w;1
1;Niko;m;1
1;Nazitera;w;1
1;Nikodem;m;1
1;Nazli;w;1
1;Nilay;m;1
1;Nazret;w;1
1;Nima;m;1
1;Naïma;w;1
1;Nio;m;1
1;Neaza;w;1
1;Nioh;m;1
1;Neda;w;1
1;Nischan;m;1
1;Neema;w;1
1;Niwar;m;1
1;Nefertari;w;1
1;Niyam;m;1
1;Nefes;w;1
1;Noam;m;1
1;Nektaria;w;1
1;Noar;m;1
1;Nele-Luzia;w;1
1;Noe;m;1
1;Nella;w;1
1;Nolan;m;1
1;Nelli;w;1
1;Norrin;m;1
1;Nena;w;1
1;Noél;m;1
1;Nerim;w;1
1;Nuno;m;1
1;Nerina;w;1
1;Nuri;m;1
1;Nermine;w;1
1;Obripong;m;1
1;Neslihan;w;1
1;Odai;m;1
1;Nesrine;w;1
1;Odis;m;1
1;Neva;w;1
1;Ognyan;m;1
1;Neval;w;1
1;Ojie;m;1
1;Nevrija;w;1
1;Oke;m;1
1;Nian;w;1
1;Olaf;m;1
1;Nicki;w;1
1;Olivier;m;1
1;Nieke;w;1
1;Oliwier;m;1
1;Nihal;w;1
1;Omar-Farouk;m;1
1;Nihira;w;1
1;Omose;m;1
1;Nike;w;1
1;Onel;m;1
1;Niklas;w;1
1;Onno;m;1
1;Nikoletta;w;1
1;Onur;m;1
1;Ninelle;w;1
1;Onurcan;m;1
1;Nira;w;1
1;Orestis;m;1
1;Nisan;w;1
1;Ousmane;m;1
1;Nisha;w;1
1;Ozan;m;1
1;Nisreen;w;1
1;Oğuz;m;1
1;Niya;w;1
1;Panos;m;1
1;Niyati;w;1
1;Paolo;m;1
1;Noelani;w;1
1;Paris;m;1
1;Noelia;w;1
1;Parker;m;1
1;Noella;w;1
1;Pars;m;1
1;Nofya;w;1
1;Pascal;m;1
1;Nora-Maxime;w;1
1;Patrick;m;1
1;Norah;w;1
1;Patrik;m;1
1;Noran;w;1
1;Patryk;m;1
1;Norhan;w;1
1;Paulo;m;1
1;Norina;w;1
1;Paulus;m;1
1;Noriza;w;1
1;Pavel;m;1
1;Norma;w;1
1;Pedro;m;1
1;Nour;w;1
1;Periklis;m;1
1;Noëllie;w;1
1;Petros;m;1
1;Nujin;w;1
1;Pharell;m;1
1;Numi;w;1
1;Phillip;m;1
1;Numidia;w;1
1;Phineas;m;1
1;Nuram;w;1
1;Phynix;m;1
1;Nyla;w;1
1;Pieer;m;1
1;Oana;w;1
1;Pietro;m;1
1;Oghenetejiri;w;1
1;Pio;m;1
1;Oriana;w;1
1;Pius;m;1
1;Ornela;w;1
1;Praise;m;1
1;Ouarda;w;1
1;Priam;m;1
1;Oumou;w;1
1;Prince;m;1
1;Pamela;w;1
1;Prinz;m;1
1;Paola;w;1
1;Qais;m;1
1;Paolina;w;1
1;Qhraman;m;1
1;Pareeshay;w;1
1;Quintus;m;1
1;Patricia;w;1
1;Quirin;m;1
1;Payton;w;1
1;Quốc;m;1
1;Peppa;w;1
1;Rafaell;m;1
1;Peri;w;1
1;Raffael;m;1
1;Petra;w;1
1;Raffaele;m;1
1;Philia-Benice;w;1
1;Rahmen;m;1
1;Philin;w;1
1;Raman;m;1
1;Philina;w;1
1;Ramin;m;1
1;Phuong;w;1
1;Ramiz;m;1
1;Phylis;w;1
1;Ramo;m;1
1;Pia-Sophie;w;1
1;Ramos;m;1
1;Pippa;w;1
1;Ramuel;m;1
1;Plamedi;w;1
1;Ramón;m;1
1;Plamena;w;1
1;Raphaël;m;1
1;Pola;w;1
1;Rashid;m;1
1;Poppy;w;1
1;Raul;m;1
1;Prenses;w;1
1;Raven;m;1
1;Prisca;w;1
1;Ray;m;1
1;Prisha;w;1
1;Rayk;m;1
1;Puja;w;1
1;Raylan;m;1
1;Queen;w;1
1;Raúl;m;1
1;Quinn;w;1
1;Rebin;m;1
1;Rafaela;w;1
1;Redzep;m;1
1;Raffaela;w;1
1;Remiel;m;1
1;Rahaf;w;1
1;Remo;m;1
1;Rahil;w;1
1;Remus;m;1
1;Rakeb;w;1
1;Renas;m;1
1;Rala;w;1
1;Renis;m;1
1;Rama;w;1
1;René;m;1
1;Ramona;w;1
1;Reto;m;1
1;Ramy;w;1
1;Rezan;m;1
1;Raneem;w;1
1;Riaan;m;1
1;Rani;w;1
1;Rian;m;1
1;Raphaela;w;1
1;Ricardo;m;1
1;Ravza;w;1
1;Rich;m;1
1;Raya;w;1
1;Richie;m;1
1;Reeya;w;1
1;Rios;m;1
1;Regiline;w;1
1;Riyan;m;1
1;Rejoice;w;1
1;Roan;m;1
1;Rena;w;1
1;Rocco;m;1
1;Renata;w;1
1;Rocky;m;1
1;Rengin;w;1
1;Roen;m;1
1;Rengîn;w;1
1;Rogash;m;1
1;Reni;w;1
1;Rohaan;m;1
1;Resa;w;1
1;Roham;m;1
1;Reyhan;w;1
1;Rohat;m;1
1;Reyyan;w;1
1;Roj;m;1
1;Riana;w;1
1;Roko;m;1
1;Rida;w;1
1;Roland;m;1
1;Riem;w;1
1;Romano;m;1
1;Rika;w;1
1;Romeo;m;1
1;Riley;w;1
1;Romy;m;1
1;Rim;w;1
1;Ron;m;1
1;Rimona;w;1
1;Ronald;m;1
1;Rina;w;1
1;Ronaldo;m;1
1;Ritaaj;w;1
1;Ronel;m;1
1;Riva;w;1
1;Roni;m;1
1;Riya;w;1
1;Ros;m;1
1;Rojin;w;1
1;Rudra;m;1
1;Romaissa;w;1
1;Rune;m;1
1;Romie;w;1
1;Rupert;m;1
1;Rosali;w;1
1;Ryaan;m;1
1;Rosalina;w;1
1;Rydham;m;1
1;Rosalía;w;1
1;Rémi;m;1
1;Roselin;w;1
1;Rémy;m;1
1;Rosella;w;1
1;Rêzan;m;1
1;Rosemarie;w;1
1;Saad;m;1
1;Rosina;w;1
1;Saam;m;1
1;Rosleen;w;1
1;Saber;m;1
1;Roslin;w;1
1;Sabri;m;1
1;Roukaya;w;1
1;Safouan;m;1
1;Rovan;w;1
1;Safvan;m;1
1;Rubie;w;1
1;Sahin;m;1
1;Rubina;w;1
1;Salah;m;1
1;Rufaida;w;1
1;Salim;m;1
1;Rugaya-Lina;w;1
1;Salman;m;1
1;Rüjan;w;1
1;Samet;m;1
1;Saanvika;w;1
1;Samiyar;m;1
1;Sadia;w;1
1;Sammy;m;1
1;Safa;w;1
1;Samuel-Milan;m;1
1;Safia;w;1
1;Samy;m;1
1;Saheba;w;1
1;San-Tiago;m;1
1;Sahra;w;1
1;Sancar;m;1
1;Saide;w;1
1;Sandiego;m;1
1;Saja;w;1
1;Sanist;m;1
1;Sakina;w;1
1;Santeo;m;1
1;Salematou;w;1
1;Santos;m;1
1;Salimah;w;1
1;Saveen;m;1
1;Salome;w;1
1;Savvas;m;1
1;Salomea;w;1
1;Sayin;m;1
1;Salsabil;w;1
1;Saúl;m;1
1;Saly;w;1
1;Seaad;m;1
1;Sam;w;1
1;Sehajbir;m;1
1;Samantha;w;1
1;Sejad;m;1
1;Samar;w;1
1;Sejdo;m;1
1;Samisha;w;1
1;Selem;m;1
1;Samra;w;1
1;Semir;m;1
1;Sanam;w;1
1;Semra;m;1
1;Sandra;w;1
1;Seraj;m;1
1;Sandra-Anisia;w;1
1;Sercan;m;1
1;Sandy;w;1
1;Sercihan;m;1
1;Sanem;w;1
1;Serdar;m;1
1;Sanjana;w;1
1;Serhat;m;1
1;Sanna;w;1
1;Serhildan;m;1
1;Sannah;w;1
1;Serif;m;1
1;Sargun;w;1
1;Serik;m;1
1;Sarra;w;1
1;Serkan;m;1
1;Sasha;w;1
1;Sevket;m;1
1;Sawin;w;1
1;Seyed;m;1
1;Saya;w;1
1;Seyithan;m;1
1;Scarlett;w;1
1;Seymen;m;1
1;Sedra;w;1
1;Shaddai;m;1
1;Sejla;w;1
1;Shahab;m;1
1;Selah;w;1
1;Shahid;m;1
1;Selene;w;1
1;Sharbel;m;1
1;Selnaz;w;1
1;Sharvin;m;1
1;Sema;w;1
1;Shervin;m;1
1;Semina;w;1
1;Shiraz;m;1
1;Sened;w;1
1;Shivan;m;1
1;Senna;w;1
1;Shrish;m;1
1;Seon-Mi;w;1
1;Siciid;m;1
1;Sephora;w;1
1;Sidar;m;1
1;Sera;w;1
1;Siegfried;m;1
1;Seraiah;w;1
1;Sihan;m;1
1;Serapsu;w;1
1;Siho;m;1
1;Serin;w;1
1;Sihuar;m;1
1;Sevgi;w;1
1;Silvain;m;1
1;Seyla;w;1
1;Silvio;m;1
1;Seyma;w;1
1;Simo;m;1
1;Shadin;w;1
1;Sirac;m;1
1;Shahed;w;1
1;Sirius;m;1
1;Sham;w;1
1;Siwar;m;1
1;Shana;w;1
1;Sjun;m;1
1;Shanaya;w;1
1;Skender;m;1
1;Shania;w;1
1;Skyler;m;1
1;Shanyar;w;1
1;Slava;m;1
1;Shara;w;1
1;Soa;m;1
1;Sharon;w;1
1;Soan;m;1
1;Shavin;w;1
1;Solaiman;m;1
1;Shayen;w;1
1;Solomon;m;1
1;Shira;w;1
1;Souhail;m;1
1;Shirangi;w;1
1;Stefan;m;1
1;Shiva;w;1
1;Steffen;m;1
1;Shona-Marie;w;1
1;Stian;m;1
1;Sibela;w;1
1;Stije;m;1
1;Siber;w;1
1;Stivan;m;1
1;Siena;w;1
1;Sufjan;m;1
1;Siepsa;w;1
1;Suliman;m;1
1;Silvana;w;1
1;Suprit;m;1
1;Silvina;w;1
1;Surafel;m;1
1;Simav;w;1
1;Svetoslav;m;1
1;Sinja;w;1
1;Syed;m;1
1;Siripat;w;1
1;Szymon;m;1
1;Siya;w;1
1;Tabio;m;1
1;Slava;w;1
1;Taeryn;m;1
1;Sofija;w;1
1;Taha;m;1
1;Sohan;w;1
1;Talat;m;1
1;Sol;w;1
1;Talis;m;1
1;Solea;w;1
1;Tamer;m;1
1;Solveig;w;1
1;Tamino;m;1
1;Soléa;w;1
1;Tamjid;m;1
1;Songül;w;1
1;Tamme;m;1
1;Sonja;w;1
1;Tamo;m;1
1;Sophia-Marie;w;1
1;Tarik;m;1
1;Sorina;w;1
1;Taro;m;1
1;Sotiria;w;1
1;Tasnim;m;1
1;Soufiya;w;1
1;Taxiarchis;m;1
1;Soya;w;1
1;Taylan;m;1
1;Subaia;w;1
1;Taylo;m;1
1;Sujanaa;w;1
1;Thabo;m;1
1;Suki;w;1
1;Thang;m;1
1;Sumeja;w;1
1;Thassilo;m;1
1;Sumejja;w;1
1;Theophil;m;1
1;Sunamita;w;1
1;Thibaud;m;1
1;Sunna;w;1
1;Thierry;m;1
1;Sunny;w;1
1;Thiên;m;1
1;Sura;w;1
1;Thodor;m;1
1;Susa;w;1
1;Thorben;m;1
1;Susan;w;1
1;Thorin;m;1
1;Svea;w;1
1;Tian;m;1
1;Svetla;w;1
1;Tiano;m;1
1;Swaranshi;w;1
1;Tibet;m;1
1;Szonja;w;1
1;Tillman;m;1
1;Sélène;w;1
1;Tilman;m;1
1;Süveyda;w;1
1;Timofej;m;1
1;Tahia;w;1
1;Timon;m;1
1;Talea;w;1
1;Timotheus;m;1
1;Tali;w;1
1;Timurhan;m;1
1;Talia;w;1
1;Tio;m;1
1;Talina;w;1
1;Tiwaz;m;1
1;Talya;w;1
1;Tiyam;m;1
1;Talyia;w;1
1;Tizian;m;1
1;Tamara;w;1
1;Tjelle;m;1
1;Tamia;w;1
1;Tolga;m;1
1;Tasmanjit;w;1
1;Tomasso;m;1
1;Tasnim;w;1
1;Tommaso;m;1
1;Tasnuva;w;1
1;Tommy;m;1
1;Tessina;w;1
1;Tomte;m;1
1;Testimony;w;1
1;Toprak;m;1
1;Thaarisha;w;1
1;Tristan-Henry;m;1
1;Thalia-Karina;w;1
1;Tudor;m;1
1;Thilda;w;1
1;Tuvia;m;1
1;Thiên;w;1
1;Tuğra;m;1
1;Tiana;w;1
1;Tyrese;m;1
1;Tiara;w;1
1;Tyron;m;1
1;Tijana;w;1
1;Ugur;m;1
1;Tilla;w;1
1;Umay;m;1
1;Tillie;w;1
1;Unai;m;1
1;Tina;w;1
1;Unik;m;1
1;Tipoko;w;1
1;Uroš;m;1
1;Tolien;w;1
1;Urs;m;1
1;Tolina;w;1
1;Utku;m;1
1;Tonie;w;1
1;Vaios;m;1
1;Torvi;w;1
1;Valentin-Liam;m;1
1;Tsampika;w;1
1;Valeri;m;1
1;Tsvetelina;w;1
1;Valon;m;1
1;Tuana;w;1
1;Varun;m;1
1;Tuuli;w;1
1;Vasco;m;1
1;Türkan;w;1
1;Vasilije;m;1
1;Uma;w;1
1;Vassilios;m;1
1;Vaani;w;1
1;Vayu;m;1
1;Vahida;w;1
1;Vefa;m;1
1;Valencia;w;1
1;Veit;m;1
1;Valeska;w;1
1;Veniamin;m;1
1;Valezka;w;1
1;Viaansh;m;1
1;Valide;w;1
1;Victor;m;1
1;Vanellope;w;1
1;Vigo;m;1
1;Veranika;w;1
1;Vinz;m;1
1;Veronica;w;1
1;Vishan;m;1
1;Vezira;w;1
1;Vitale;m;1
1;Victoire;w;1
1;Viyan;m;1
1;Victory;w;1
1;Vladimir;m;1
1;Vida;w;1
1;Vukasin;m;1
1;Viktória;w;1
1;Walid;m;1
1;Vilma;w;1
1;Walter;m;1
1;Viona;w;1
1;Ward;m;1
1;Vira;w;1
1;Warren;m;1
1;Vittòria;w;1
1;Wasim;m;1
1;Viva;w;1
1;Waël;m;1
1;Viviana;w;1
1;Wiktor;m;1
1;Viyan;w;1
1;Wiliam;m;1
1;Vu;w;1
1;Willi-Ananda;m;1
1;Warvin;w;1
1;Willian;m;1
1;Warwara;w;1
1;Wim;m;1
1;Wasan;w;1
1;Win;m;1
1;Weiming;w;1
1;Wotan;m;1
1;Wiktoria;w;1
1;Xander;m;1
1;Wilhelmine;w;1
1;Xhenet;m;1
1;Wina;w;1
1;Xhesijan;m;1
1;Xiangxu;w;1
1;Yacqub;m;1
1;Xinran;w;1
1;Yael;m;1
1;Yaas;w;1
1;Yagiz;m;1
1;Yael;w;1
1;Yakub;m;1
1;Yaelle;w;1
1;Yakup;m;1
1;Yalah;w;1
1;Yaman;m;1
1;Yana;w;1
1;Yamen;m;1
1;Yanara;w;1
1;Yanneck;m;1
1;Yanet;w;1
1;Yannick;m;1
1;Yasina;w;1
1;Yannis;m;1
1;Yaël;w;1
1;Yanu;m;1
1;Yağmur;w;1
1;Yared;m;1
1;Yeabsra;w;1
1;Yasan;m;1
1;Yelda;w;1
1;Yasir;m;1
1;Yeliz;w;1
1;Yasser;m;1
1;Ylana;w;1
1;Yazan;m;1
1;Ylvi;w;1
1;Yazid;m;1
1;Yoanna;w;1
1;Yaşar;m;1
1;Yoko;w;1
1;Yeicop;m;1
1;Yostina;w;1
1;Yicheng;m;1
1;Youhne;w;1
1;Ying;m;1
1;Youssra;w;1
1;Yiğit-Kamil;m;1
1;Yui;w;1
1;Ylli;m;1
1;Yuliana;w;1
1;Yohannes;m;1
1;Yuno;w;1
1;Yonas;m;1
1;Yvonne;w;1
1;Yoner;m;1
1;Yüsra;w;1
1;Yordan;m;1
1;Zaineb;w;1
1;Yotam;m;1
1;Zala;w;1
1;Youssuf;m;1
1;Zana;w;1
1;Yousuf;m;1
1;Zaya;w;1
1;Yowani;m;1
1;Zaynab;w;1
1;Yuhan;m;1
1;Zeinab;w;1
1;Yunho;m;1
1;Zejnep;w;1
1;Yusof;m;1
1;Zelda;w;1
1;Yuvraj;m;1
1;Zelisia;w;1
1;Yuşa;m;1
1;Zendaya;w;1
1;Zacharias;m;1
1;Zeyna;w;1
1;Zaire;m;1
1;Zeyneb;w;1
1;Zakaria;m;1
1;Zhuri;w;1
1;Zakariya;m;1
1;Zilan;w;1
1;Zanyar;m;1
1;Zoe-Elaine;w;1
1;Zavin;m;1
1;Zofia;w;1
1;Zawer;m;1
1;Zolara;w;1
1;Zayan;m;1
1;Zosia;w;1
1;Zayd;m;1
1;Zoya;w;1
1;Zayn;m;1
1;Zoé-Victoria;w;1
1;Zekeriya;m;1
1;Zoë;w;1
1;Zia;m;1
1;Zusan;w;1
1;Ziad;m;1
1;Züleyha;w;1
1;Zion;m;1
1;Änne;w;1
1;Zlatko;m;1
1;Änni;w;1
1;Álvaro;m;1
1;Élise;w;1
1;Çağatay;m;1
1;Éléa;w;1
1;Çağrı;m;1
1;Émilie;w;1
1;Çınar;m;1
1;Özge;w;1
1;Étienne;m;1
1;Şoşvin;w;1
1;Önder;m;1
1;Şahin;m;1
1;Şenol;m;1
1;Malwida;w;1
2;Adalbert;m;1
3;Balduin;m;1
4;Marie;w;1
5;Berthold;m;1
6;Bettina;w;1
7;Maria;w;1
8;Gottfried;m;1
9;Meinrad;m;1
10;Adolf;m;1
11;Jeremias;m;1
12;Gottlieb;m;1
13;Walther;m;1
1;Abraham;m;1
1;Eugenia;w;1
1;Reinhart;m;1